Time,Loc,mVoiceRegState,mDataRegState,mChannelNumber,mPci,mEarfcn,mCellBandwidths,mBands,rssi,rsrp,rsrq,rssnr,lteLevel,rat,mPci,mEarfcn,rssi,rsrp,rsrq
1684940895.427377,"40.494024,-111.865833",0,0,66536,423,66536,"[20000, 20000, 20000, 20000, 10000]",[66],-53,-82,-8,20,5,14,423,66536,-55,-83,-8
1684940917.969585,"40.494026,-111.865833",0,0,66536,423,66536,"[20000, 20000, 20000, 20000, 10000]",[66],-53,-85,-8,21,5,14,423,66536,-51,-80,-7
1684940919.32347,"40.494027,-111.865836",0,0,66536,423,66536,"[20000, 20000, 20000, 20000, 10000]",[66],-51,-79,-8,25,5,14,423,66536,-51,-80,-7
1684940920.682577,"40.494026,-111.865841",0,0,66536,423,66536,"[20000, 20000, 20000, 20000, 10000]",[66],-51,-79,-8,25,5,14,423,66536,-51,-80,-7
1684940922.10846,"40.494018,-111.865838",0,0,66536,423,66536,"[20000, 20000, 20000, 20000, 10000]",[66],-51,-79,-8,25,5,14,423,66536,-51,-74,-8
1684940923.4408598,"40.494018,-111.865837",0,0,66536,423,66536,"[20000, 20000, 20000, 20000, 10000]",[66],-51,-79,-8,25,5,14,423,66536,-51,-74,-8
1684940924.78532,"40.494017,-111.865836",0,0,66536,423,66536,"[20000, 20000, 20000, 20000, 10000]",[66],-51,-79,-8,25,5,14,423,66536,-51,-74,-8
1684940926.080575,"40.494020,-111.865835",0,0,66536,423,66536,"[20000, 20000, 20000, 20000, 10000]",[66],-55,-83,-8,24,5,14,423,66536,-51,-74,-8
1684940927.425935,"40.494007,-111.865836",0,0,66536,423,66536,"[20000, 20000, 20000, 20000, 10000]",[66],-55,-85,-9,23,5,14,423,66536,-53,-84,-8
1684940928.84576,"40.493976,-111.865843",0,0,66536,423,66536,"[20000, 20000, 20000, 20000, 10000]",[66],-55,-85,-9,23,5,14,423,66536,-53,-84,-8
1684940930.174313,"40.493967,-111.865853",0,0,66536,423,66536,"[20000, 20000, 20000, 20000, 10000]",[66],-51,-77,-9,30,5,14,423,66536,-53,-84,-8
1684940931.518178,"40.493967,-111.865857",0,0,66536,423,66536,"[20000, 20000, 20000, 20000, 10000]",[66],-51,-77,-9,30,5,14,423,66536,-57,-81,-6
1684940932.8790872,"40.493969,-111.865859",0,0,66536,423,66536,"[20000, 20000, 20000, 20000, 10000]",[66],-57,-82,-9,24,5,14,423,66536,-57,-81,-6
1684940934.261479,"40.493969,-111.865865",0,0,66536,423,66536,"[20000, 20000, 20000, 20000, 10000]",[66],-51,-80,-9,24,5,14,423,66536,-57,-81,-6
1684940935.574594,"40.493968,-111.865866",0,0,66536,423,66536,"[20000, 20000, 20000, 20000, 10000]",[66],-51,-80,-9,24,5,14,423,66536,-57,-81,-6
1684940936.892818,"40.493964,-111.865866",0,0,66536,423,66536,"[20000, 20000, 20000, 20000, 10000]",[66],-55,-85,-8,22,5,14,423,66536,-51,-78,-7
1684940938.239357,"40.493949,-111.865861",0,0,66536,423,66536,"[20000, 20000, 20000, 20000, 10000]",[66],-55,-85,-8,22,5,14,423,66536,-51,-78,-7
1684940939.6329181,"40.493934,-111.865846",0,0,66536,423,66536,"[20000, 20000, 20000, 20000, 10000]",[66],-55,-85,-8,22,5,14,423,66536,-51,-78,-7
1684940941.021384,"40.493937,-111.865841",0,0,66536,423,66536,"[20000, 20000, 20000, 20000, 10000]",[66],-55,-85,-8,22,5,14,423,66536,-51,-78,-7
1684940942.355503,"40.493942,-111.865835",0,0,66536,423,66536,"[20000, 20000, 20000, 20000, 10000]",[66],-55,-85,-8,22,5,14,423,66536,-53,-81,-7
1684940943.696359,"40.493936,-111.865829",0,0,66536,423,66536,"[20000, 20000, 20000, 20000, 10000]",[66],-55,-85,-8,22,5,14,423,66536,-53,-81,-7
1684940945.145817,"40.493937,-111.865822",0,0,66536,423,66536,"[20000, 20000, 20000, 20000, 10000]",[66],-55,-85,-8,22,5,14,423,66536,-53,-81,-7
1684940946.491488,"40.493941,-111.865817",0,0,66536,423,66536,"[20000, 20000, 20000, 20000, 10000]",[66],-55,-85,-8,22,5,14,423,66536,-51,-76,-9
1684940947.8396301,"40.493944,-111.865812",0,0,66536,423,66536,"[20000, 20000, 20000, 20000, 10000]",[66],-51,-77,-8,22,5,14,423,66536,-51,-76,-9
1684940949.189091,"40.493937,-111.865808",0,0,66536,423,66536,"[20000, 20000, 20000, 20000, 10000]",[66],-51,-77,-8,22,5,14,423,66536,-51,-76,-9
1684940950.651737,"40.493931,-111.865813",0,0,66536,423,66536,"[20000, 20000, 20000, 20000, 10000]",[66],-51,-77,-8,22,5,14,423,66536,-51,-76,-9
1684940952.071519,"40.493923,-111.865822",0,0,66536,423,66536,"[20000, 20000, 20000, 20000, 10000]",[66],-53,-81,-8,16,5,14,423,66536,-53,-80,-7
1684940953.514551,"40.493912,-111.865831",0,0,66536,423,66536,"[20000, 20000, 20000, 20000, 10000]",[66],-53,-81,-8,16,5,14,423,66536,-53,-80,-7
1684940955.083243,"40.493907,-111.865833",0,0,66536,423,66536,"[20000, 20000, 20000, 20000, 10000]",[66],-53,-81,-8,16,5,14,423,66536,-53,-80,-7
1684940956.539634,"40.493908,-111.865830",0,0,66536,423,66536,"[20000, 20000, 20000, 20000, 10000]",[66],-55,-86,-8,18,5,14,423,66536,-57,-87,-8
1684940957.9464982,"40.493919,-111.865837",0,0,66536,423,66536,"[20000, 20000, 20000, 20000, 10000]",[66],-55,-86,-8,18,5,14,423,66536,-57,-87,-8
1684940959.436688,"40.493924,-111.865838",0,0,66536,423,66536,"[20000, 20000, 20000, 20000, 10000]",[66],-55,-86,-8,18,5,14,423,66536,-57,-87,-8
1684940960.8986619,"40.493932,-111.865840",0,0,66536,423,66536,"[20000, 20000, 20000, 20000, 10000]",[66],-61,-91,-7,16,5,14,423,66536,-57,-87,-8
1684940962.287034,"40.493935,-111.865848",0,0,66536,423,66536,"[20000, 20000, 20000, 20000, 10000]",[66],-61,-91,-7,16,5,14,423,66536,-55,-85,-6
1684940963.8001668,"40.493931,-111.865855",0,0,66536,423,66536,"[20000, 20000, 20000, 20000, 10000]",[66],-53,-81,-7,21,5,14,423,66536,-55,-85,-6
1684940965.296118,"40.493929,-111.865857",0,0,66536,423,66536,"[20000, 20000, 20000, 20000, 10000]",[66],-53,-81,-7,21,5,14,423,66536,-55,-85,-6
1684940966.752177,"40.493930,-111.865855",0,0,66536,423,66536,"[20000, 20000, 20000, 20000, 10000]",[66],-53,-81,-7,21,5,14,423,66536,-53,-84,-7
1684940968.155371,"40.493927,-111.865852",0,0,66536,423,66536,"[20000, 20000, 20000, 20000, 10000]",[66],-53,-81,-7,21,5,14,423,66536,-53,-84,-7
1684940969.587903,"40.493925,-111.865851",0,0,66536,423,66536,"[20000, 20000, 20000, 20000, 10000]",[66],-53,-81,-7,21,5,14,423,66536,-53,-84,-7
1684940970.980973,"40.493924,-111.865852",0,0,66536,423,66536,"[20000, 20000, 20000, 20000, 10000]",[66],-53,-81,-7,21,5,14,423,66536,-53,-84,-7
1684940972.431544,"40.493925,-111.865853",0,0,66536,423,66536,"[20000, 20000, 20000, 20000, 10000]",[66],-53,-81,-7,21,5,14,423,66536,-53,-84,-7
1684940973.86677,"40.493923,-111.865853",0,0,66536,423,66536,"[20000, 20000, 20000, 20000, 10000]",[66],-53,-81,-7,21,5,14,423,66536,-53,-84,-7
1684940975.3733299,"40.493922,-111.865854",0,0,66536,423,66536,"[20000, 20000, 20000, 20000, 10000]",[66],-53,-81,-7,21,5,14,423,66536,-53,-84,-7
1684940976.793049,"40.493923,-111.865855",0,0,66536,423,66536,"[20000, 20000, 20000, 20000, 10000]",[66],-53,-81,-7,21,5,14,423,66536,-55,-84,-7
1684940978.2915359,"40.493918,-111.865853",0,0,66536,423,66536,"[20000, 20000, 20000, 20000, 10000]",[66],-53,-81,-7,21,5,14,423,66536,-55,-84,-7
1684940979.805686,"40.493915,-111.865853",0,0,66536,423,66536,"[20000, 20000, 20000, 20000, 10000]",[66],-53,-81,-7,21,5,14,423,66536,-55,-84,-7
1684940981.2276511,"40.493917,-111.865852",0,0,66536,423,66536,"[20000, 20000, 20000, 20000, 10000]",[66],-53,-81,-7,21,5,14,423,66536,-55,-84,-7
1684940982.685378,"40.493918,-111.865852",0,0,66536,423,66536,"[20000, 20000, 20000, 20000, 10000]",[66],-53,-81,-7,21,5,14,423,66536,-55,-84,-8
1684940985.359234,"40.493938,-111.865858",0,0,66536,423,66536,"[20000, 20000, 20000, 20000, 10000]",[66],-53,-81,-7,21,5,14,423,66536,-55,-84,-8
1684940986.7519748,"40.493946,-111.865859",0,0,66536,423,66536,"[20000, 20000, 20000, 20000, 10000]",[66],-53,-81,-7,21,5,14,423,66536,-57,-85,-8
1684940988.1656718,"40.493947,-111.865859",0,0,66536,423,66536,"[20000, 20000, 20000, 20000, 10000]",[66],-61,-88,-8,12,5,14,423,66536,-57,-85,-8
1684940989.718556,"40.493942,-111.865851",0,0,66536,423,66536,"[20000, 20000, 20000, 20000, 10000]",[66],-55,-82,-7,24,5,14,423,66536,-57,-85,-8
1684940991.180245,"40.493928,-111.865855",0,0,66536,423,66536,"[20000, 20000, 20000, 20000, 10000]",[66],-55,-82,-7,24,5,14,423,66536,-57,-85,-8
1684940992.6342,"40.493933,-111.865854",0,0,66536,423,66536,"[20000, 20000, 20000, 20000, 10000]",[66],-55,-82,-7,24,5,14,423,66536,-51,-78,-7
1684940994.1467578,"40.493941,-111.865850",0,0,66536,423,66536,"[20000, 20000, 20000, 20000, 10000]",[66],-51,-77,-8,25,5,14,423,66536,-51,-78,-7
1684940995.584373,"40.493951,-111.865844",0,0,66536,423,66536,"[20000, 20000, 20000, 20000, 10000]",[66],-51,-71,-8,25,5,14,423,66536,-51,-78,-7
1684940997.099186,"40.493966,-111.865824",0,0,66536,423,66536,"[20000, 20000, 20000, 20000, 10000]",[66],-51,-72,-7,24,5,14,423,66536,-51,-76,-8
1684940998.52255,"40.493970,-111.865808",0,0,66536,423,66536,"[20000, 20000, 20000, 20000, 10000]",[66],-51,-72,-7,24,5,14,423,66536,-51,-76,-8
1684940999.960336,"40.493974,-111.865807",0,0,66536,423,66536,"[20000, 20000, 20000, 20000, 10000]",[66],-51,-81,-7,23,5,14,423,66536,-51,-76,-8
1684941001.446217,"40.493976,-111.865812",0,0,66536,423,66536,"[20000, 20000, 20000, 20000, 10000]",[66],-51,-81,-7,23,5,14,423,66536,-51,-76,-8
1684941002.898371,"40.493974,-111.865817",0,0,66536,423,66536,"[20000, 20000, 20000, 20000, 10000]",[66],-51,-81,-7,23,5,14,423,66536,-51,-71,-6
1684941004.3105931,"40.493968,-111.865819",0,0,66536,423,66536,"[20000, 20000, 20000, 20000, 10000]",[66],-51,-73,-7,27,5,14,423,66536,-51,-71,-6
1684941005.8026009,"40.493962,-111.865820",0,0,66536,423,66536,"[20000, 20000, 20000, 20000, 10000]",[66],-51,-75,-7,27,5,14,423,66536,-51,-71,-6
1684941007.255213,"40.493952,-111.865821",0,0,66536,423,66536,"[20000, 20000, 20000, 20000, 10000]",[66],-51,-75,-7,27,5,14,423,66536,-51,-77,-6
1684941008.697093,"40.493944,-111.865822",0,0,66536,423,66536,"[20000, 20000, 20000, 20000, 10000]",[66],-57,-88,-8,15,5,14,423,66536,-51,-77,-6
1684941010.140845,"40.493925,-111.865827",0,0,66536,423,66536,"[20000, 20000, 20000, 20000, 10000]",[66],-61,-88,-8,15,5,14,423,66536,-51,-77,-6
1684941011.5243819,"40.493917,-111.865828",0,0,66536,423,66536,"[20000, 20000, 20000, 20000, 10000]",[66],-61,-88,-8,15,5,14,423,66536,-57,-85,-8
1684941012.9813519,"40.493904,-111.865829",0,0,66536,423,66536,"[20000, 20000, 20000, 20000, 10000]",[66],-57,-86,-8,16,5,14,423,66536,-57,-85,-8
1684941014.4781,"40.493898,-111.865829",0,0,66536,423,66536,"[20000, 20000, 20000, 20000, 10000]",[66],-57,-86,-8,16,5,14,423,66536,-57,-85,-8
1684941015.900063,"40.493891,-111.865826",0,0,66536,423,66536,"[20000, 20000, 20000, 20000, 10000]",[66],-57,-86,-8,16,5,14,423,66536,-57,-85,-8
1684941017.3687198,"40.493889,-111.865818",0,0,66536,423,66536,"[20000, 20000, 20000, 20000, 10000]",[66],-53,-82,-8,22,5,14,423,66536,-53,-81,-8
1684941018.836122,"40.493888,-111.865810",0,0,66536,423,66536,"[20000, 20000, 20000, 20000, 10000]",[66],-53,-82,-8,22,5,14,423,66536,-53,-81,-8
1684941020.255164,"40.493888,-111.865811",0,0,66536,423,66536,"[20000, 20000, 20000, 20000, 10000]",[66],-57,-85,-8,18,5,14,423,66536,-53,-81,-8
1684941021.737057,"40.493886,-111.865813",0,0,66536,423,66536,"[20000, 20000, 20000, 20000, 10000]",[66],-57,-85,-8,18,5,14,423,66536,-53,-81,-7
1684941023.225676,"40.493892,-111.865816",0,0,66536,423,66536,"[20000, 20000, 20000, 20000, 10000]",[66],-57,-85,-8,18,5,14,423,66536,-53,-81,-7
1684941024.666917,"40.493892,-111.865815",0,0,66536,423,66536,"[20000, 20000, 20000, 20000, 10000]",[66],-57,-85,-8,18,5,14,423,66536,-53,-81,-7
1684941026.063622,"40.493899,-111.865808",0,0,66536,423,66536,"[20000, 20000, 20000, 20000, 10000]",[66],-57,-85,-8,18,5,14,423,66536,-53,-81,-7
1684941027.4996412,"40.493900,-111.865804",0,0,66536,423,66536,"[20000, 20000, 20000, 20000, 10000]",[66],-57,-85,-8,18,5,14,423,66536,-55,-83,-8
1684941028.909927,"40.493900,-111.865800",0,0,66536,423,66536,"[20000, 20000, 20000, 20000, 10000]",[66],-57,-85,-8,18,5,14,423,66536,-55,-83,-8
1684941030.273407,"40.493901,-111.865797",0,0,66536,423,66536,"[20000, 20000, 20000, 20000, 10000]",[66],-57,-85,-8,18,5,14,423,66536,-55,-83,-8
1684941031.590322,"40.493901,-111.865796",0,0,66536,423,66536,"[20000, 20000, 20000, 20000, 10000]",[66],-57,-85,-8,18,5,14,423,66536,-55,-83,-8
1684941033.042423,"40.493901,-111.865794",0,0,66536,423,66536,"[20000, 20000, 20000, 20000, 10000]",[66],-57,-85,-8,18,5,14,423,66536,-53,-82,-7
1684941034.43392,"40.493900,-111.865793",0,0,66536,423,66536,"[20000, 20000, 20000, 20000, 10000]",[66],-57,-85,-8,18,5,14,423,66536,-53,-82,-7
1684941035.7747169,"40.493899,-111.865792",0,0,66536,423,66536,"[20000, 20000, 20000, 20000, 10000]",[66],-51,-81,-8,20,5,14,423,66536,-53,-82,-7
1684941037.1060212,"40.493897,-111.865793",0,0,66536,423,66536,"[20000, 20000, 20000, 20000, 10000]",[66],-51,-81,-8,20,5,14,423,66536,-51,-82,-7
1684941039.589977,"40.493895,-111.865795",0,0,66536,423,66536,"[20000, 20000, 20000, 20000, 10000]",[66],-51,-81,-8,20,5,14,423,66536,-51,-82,-7
1684941040.954589,"40.493894,-111.865795",0,0,66536,423,66536,"[20000, 20000, 20000, 20000, 10000]",[66],-51,-81,-8,20,5,14,423,66536,-51,-82,-7
1684941042.358133,"40.493893,-111.865796",0,0,66536,423,66536,"[20000, 20000, 20000, 20000, 10000]",[66],-51,-81,-8,20,5,14,423,66536,-51,-79,-7
1684941044.829588,"40.493892,-111.865796",0,0,66536,423,66536,"[20000, 20000, 20000, 20000, 10000]",[66],-53,-81,-7,19,5,14,423,66536,-51,-79,-7
1684941046.2049642,"40.493896,-111.865808",0,0,66536,423,66536,"[20000, 20000, 20000, 20000, 10000]",[66],-53,-81,-7,19,5,14,423,66536,-51,-79,-7
1684941047.5397272,"40.493897,-111.865812",0,0,66536,423,66536,"[20000, 20000, 20000, 20000, 10000]",[66],-53,-81,-7,19,5,14,423,66536,-51,-80,-7
1684941048.879349,"40.493898,-111.865813",0,0,66536,423,66536,"[20000, 20000, 20000, 20000, 10000]",[66],-53,-81,-7,19,5,14,423,66536,-51,-80,-7
1684941055.781166,"40.493897,-111.865814",0,0,66536,423,66536,"[20000, 20000, 20000, 20000, 10000]",[66],-53,-81,-7,19,5,14,423,66536,-51,-79,-7
1684941058.181034,"40.493897,-111.865815",0,0,66536,423,66536,"[20000, 20000, 20000, 20000, 10000]",[66],-53,-81,-7,19,5,14,423,66536,-51,-79,-9
1684941062.761003,"40.493897,-111.865816",0,0,66536,423,66536,"[20000, 20000, 20000, 20000, 10000]",[66],-53,-81,-7,19,5,14,423,66536,-51,-79,-7
1684941065.2255712,"40.493896,-111.865816",0,0,66536,423,66536,"[20000, 20000, 20000, 20000, 10000]",[66],-53,-81,-7,19,5,14,423,66536,-51,-79,-7
1684941066.6242418,"40.493896,-111.865817",0,0,66536,423,66536,"[20000, 20000, 20000, 20000, 10000]",[66],-53,-81,-7,19,5,14,423,66536,-51,-79,-7
1684941069.0679932,"40.493896,-111.865818",0,0,66536,423,66536,"[20000, 20000, 20000, 20000, 10000]",[66],-53,-81,-7,19,5,14,423,66536,-51,-79,-7
1684941073.79476,"40.493896,-111.865819",0,0,66536,423,66536,"[20000, 20000, 20000, 20000, 10000]",[66],-53,-81,-7,19,5,14,423,66536,-51,-79,-7
1684941076.468829,"40.493895,-111.865820",0,0,66536,423,66536,"[20000, 20000, 20000, 20000, 10000]",[66],-53,-81,-7,19,5,14,423,66536,-51,-79,-7
1684941080.0550752,"40.493895,-111.865821",0,0,66536,423,66536,"[20000, 20000, 20000, 20000, 10000]",[66],-53,-81,-7,19,5,14,423,66536,-51,-79,-7
1684941084.940544,"40.493895,-111.865822",0,0,66536,423,66536,"[20000, 20000, 20000, 20000, 10000]",[66],-53,-81,-7,19,5,14,423,66536,-51,-79,-8
1684941089.731615,"40.493895,-111.865823",0,0,66536,423,66536,"[20000, 20000, 20000, 20000, 10000]",[66],-53,-81,-7,19,5,14,423,66536,-51,-79,-9
1684941091.139498,"40.493894,-111.865823",0,0,66536,423,66536,"[20000, 20000, 20000, 20000, 10000]",[66],-53,-81,-7,19,5,14,423,66536,-51,-79,-9
1684941093.730019,"40.493894,-111.865824",0,0,66536,423,66536,"[20000, 20000, 20000, 20000, 10000]",[66],-51,-82,-9,14,5,14,423,66536,-51,-81,-14
1684941097.359434,"40.493894,-111.865825",0,0,66536,423,66536,"[20000, 20000, 20000, 20000, 10000]",[66],-51,-82,-9,14,5,14,423,66536,-51,-80,-8
1684941102.146102,"40.493893,-111.865825",0,0,66536,423,66536,"[20000, 20000, 20000, 20000, 10000]",[66],-51,-81,-9,17,5,14,423,66536,-51,-80,-8
1684941103.654616,"40.493893,-111.865826",0,0,66536,423,66536,"[20000, 20000, 20000, 20000, 10000]",[66],-51,-81,-9,17,5,14,423,66536,-51,-80,-8
1684941111.728884,"40.493893,-111.865827",0,0,66536,423,66536,"[20000, 20000, 20000, 20000, 10000]",[66],-51,-81,-9,17,5,14,423,66536,-51,-81,-8
1684941119.9067059,"40.493893,-111.865828",0,0,66536,423,66536,"[20000, 20000, 20000, 20000, 10000]",[66],-53,-80,-10,17,5,14,423,66536,-51,-79,-9
1684941121.3322759,"40.493892,-111.865828",0,0,66536,423,66536,"[20000, 20000, 20000, 20000, 10000]",[66],-53,-80,-10,17,5,14,423,66536,-51,-79,-9
1684941125.945699,"40.493896,-111.865833",0,0,66536,423,66536,"[20000, 20000, 20000, 20000, 10000]",[66],-63,-90,-10,16,5,14,423,66536,-51,-79,-15
1684941127.467681,"40.493897,-111.865838",0,0,66536,423,66536,"[20000, 20000, 20000, 20000, 10000]",[66],-55,-84,-10,18,5,14,423,66536,-57,-86,-7
1684941128.825095,"40.493897,-111.865840",0,0,66536,423,66536,"[20000, 20000, 20000, 20000, 10000]",[66],-59,-87,-9,18,5,14,423,66536,-57,-86,-7
1684941130.200902,"40.493898,-111.865832",0,0,66536,423,66536,"[20000, 20000, 20000, 20000, 10000]",[66],-59,-87,-9,18,5,14,423,66536,-57,-86,-7
1684941131.591189,"40.493897,-111.865834",0,0,66536,423,66536,"[20000, 20000, 20000, 20000, 10000]",[66],-53,-82,-9,23,5,14,423,66536,-57,-86,-7
1684941133.0343308,"40.493891,-111.865840",0,0,66536,423,66536,"[20000, 20000, 20000, 20000, 10000]",[66],-53,-82,-9,23,5,14,423,66536,-55,-83,-7
1684941134.389385,"40.493890,-111.865841",0,0,66536,423,66536,"[20000, 20000, 20000, 20000, 10000]",[66],-53,-82,-9,23,5,14,423,66536,-55,-83,-7
1684941136.836473,"40.493890,-111.865842",0,0,66536,423,66536,"[20000, 20000, 20000, 20000, 10000]",[66],-55,-83,-8,22,5,14,423,66536,-55,-83,-7
1684941138.320003,"40.493891,-111.865842",0,0,66536,423,66536,"[20000, 20000, 20000, 20000, 10000]",[66],-55,-83,-8,22,5,14,423,66536,-51,-81,-8
1684941140.776148,"40.493891,-111.865841",0,0,66536,423,66536,"[20000, 20000, 20000, 20000, 10000]",[66],-53,-81,-8,23,5,14,423,66536,-51,-81,-8
1684941143.192767,"40.493891,-111.865842",0,0,66536,423,66536,"[20000, 20000, 20000, 20000, 10000]",[66],-53,-81,-8,23,5,14,423,66536,-59,-89,-10
1684941144.564936,"40.493889,-111.865840",0,0,66536,423,66536,"[20000, 20000, 20000, 20000, 10000]",[66],-59,-90,-8,14,5,14,423,66536,-59,-89,-10
1684941145.976623,"40.493888,-111.865840",0,0,66536,423,66536,"[20000, 20000, 20000, 20000, 10000]",[66],-59,-90,-8,14,5,14,423,66536,-59,-89,-10
1684941147.342017,"40.493886,-111.865840",0,0,66536,423,66536,"[20000, 20000, 20000, 20000, 10000]",[66],-53,-83,-9,22,5,14,423,66536,-51,-72,-6
1684941148.71155,"40.493878,-111.865837",0,0,66536,423,66536,"[20000, 20000, 20000, 20000, 10000]",[66],-53,-83,-9,22,5,14,423,66536,-51,-72,-6
1684941150.032607,"40.493869,-111.865826",0,0,66536,423,66536,"[20000, 20000, 20000, 20000, 10000]",[66],-51,-76,-8,23,5,14,423,66536,-51,-72,-6
1684941151.439122,"40.493861,-111.865814",0,0,66536,423,66536,"[20000, 20000, 20000, 20000, 10000]",[66],-51,-66,-9,27,5,14,423,66536,-51,-72,-6
1684941152.803156,"40.493855,-111.865799",0,0,66536,423,66536,"[20000, 20000, 20000, 20000, 10000]",[66],-51,-57,-8,30,5,14,423,66536,-51,-55,-6
1684941154.169108,"40.493844,-111.865779",0,0,66536,423,66536,"[20000, 20000, 20000, 20000, 10000]",[66],-51,-63,-8,30,5,14,423,66536,-51,-55,-6
1684941155.6167989,"40.493836,-111.865768",0,0,66536,423,66536,"[20000, 20000, 20000, 20000, 10000]",[66],-51,-66,-8,30,5,14,423,66536,-51,-55,-6
1684941157.011563,"40.493814,-111.865739",0,0,66536,423,66536,"[20000, 20000, 20000, 20000, 10000]",[66],-51,-66,-8,30,5,14,423,66536,-51,-55,-6
1684941158.403636,"40.493804,-111.865725",0,0,66536,423,66536,"[20000, 20000, 20000, 20000, 10000]",[66],-51,-65,-7,30,5,14,423,66536,-51,-64,-6
1684941159.738936,"40.493789,-111.865709",0,0,66536,423,66536,"[20000, 20000, 20000, 20000, 10000]",[66],-51,-65,-7,30,5,14,423,66536,-51,-64,-6
1684941161.156946,"40.493785,-111.865686",0,0,66536,423,66536,"[20000, 20000, 20000, 20000, 10000]",[66],-51,-77,-7,25,5,14,423,66536,-51,-64,-6
1684941162.521218,"40.493790,-111.865683",0,0,66536,423,66536,"[20000, 20000, 20000, 20000, 10000]",[66],-51,-80,-7,26,5,14,423,66536,-51,-79,-8
1684941163.871928,"40.493793,-111.865686",0,0,66536,423,66536,"[20000, 20000, 20000, 20000, 10000]",[66],-51,-80,-7,26,5,14,423,66536,-51,-79,-8
1684941165.225748,"40.493792,-111.865683",0,0,66536,423,66536,"[20000, 20000, 20000, 20000, 10000]",[66],-53,-82,-7,24,5,14,423,66536,-51,-79,-8
1684941166.612915,"40.493793,-111.865683",0,0,66536,423,66536,"[20000, 20000, 20000, 20000, 10000]",[66],-53,-82,-7,24,5,14,423,66536,-51,-79,-8
1684941167.940743,"40.493799,-111.865691",0,0,66536,423,66536,"[20000, 20000, 20000, 20000, 10000]",[66],-51,-70,-7,24,5,14,423,66536,-51,-69,-9
1684941169.279962,"40.493803,-111.865697",0,0,66536,423,66536,"[20000, 20000, 20000, 20000, 10000]",[66],-51,-70,-7,24,5,14,423,66536,-51,-69,-9
1684941170.602709,"40.493805,-111.865698",0,0,66536,423,66536,"[20000, 20000, 20000, 20000, 10000]",[66],-51,-77,-8,25,5,14,423,66536,-51,-69,-9
1684941171.999074,"40.493808,-111.865700",0,0,66536,423,66536,"[20000, 20000, 20000, 20000, 10000]",[66],-51,-79,-8,22,5,14,423,66536,-51,-69,-9
1684941173.3267431,"40.493809,-111.865700",0,0,66536,423,66536,"[20000, 20000, 20000, 20000, 10000]",[66],-51,-76,-8,19,5,14,423,66536,-51,-75,-8
1684941174.690154,"40.493809,-111.865696",0,0,66536,423,66536,"[20000, 20000, 20000, 20000, 10000]",[66],-51,-76,-9,19,5,14,423,66536,-51,-75,-8
1684941176.007187,"40.493810,-111.865694",0,0,66536,423,66536,"[20000, 20000, 20000, 20000, 10000]",[66],-51,-76,-8,21,5,14,423,66536,-51,-75,-8
1684941177.420972,"40.493811,-111.865694",0,0,66536,423,66536,"[20000, 20000, 20000, 20000, 10000]",[66],-51,-77,-9,20,5,14,423,66536,-51,-77,-9
1684941178.7621078,"40.493812,-111.865695",0,0,66536,423,66536,"[20000, 20000, 20000, 20000, 10000]",[66],-51,-77,-9,20,5,14,423,66536,-51,-77,-9
1684941180.11066,"40.493809,-111.865690",0,0,66536,423,66536,"[20000, 20000, 20000, 20000, 10000]",[66],-51,-77,-9,28,5,14,423,66536,-51,-77,-9
1684941181.458297,"40.493808,-111.865690",0,0,66536,423,66536,"[20000, 20000, 20000, 20000, 10000]",[66],-51,-77,-9,28,5,14,423,66536,-51,-77,-9
1684941184.0158331,"40.493808,-111.865689",0,0,66536,423,66536,"[20000, 20000, 20000, 20000, 10000]",[66],-51,-77,-9,28,5,14,423,66536,-51,-76,-8
1684941185.396529,"40.493809,-111.865688",0,0,66536,423,66536,"[20000, 20000, 20000, 20000, 10000]",[66],-51,-77,-9,26,5,14,423,66536,-51,-76,-8
1684941186.804781,"40.493810,-111.865688",0,0,66536,423,66536,"[20000, 20000, 20000, 20000, 10000]",[66],-51,-77,-9,26,5,14,423,66536,-51,-76,-8
1684941188.283526,"40.493809,-111.865690",0,0,66536,423,66536,"[20000, 20000, 20000, 20000, 10000]",[66],-51,-77,-9,26,5,14,423,66536,-51,-75,-9
1684941189.6567192,"40.493809,-111.865691",0,0,66536,423,66536,"[20000, 20000, 20000, 20000, 10000]",[66],-51,-77,-9,26,5,14,423,66536,-51,-75,-9
1684941191.081019,"40.493808,-111.865692",0,0,66536,423,66536,"[20000, 20000, 20000, 20000, 10000]",[66],-51,-77,-9,26,5,14,423,66536,-51,-75,-9
1684941222.971509,"40.493807,-111.865694",0,0,66536,423,66536,"[20000, 20000, 20000, 20000, 10000]",[66],-51,-77,-8,20,5,14,423,66536,-51,-75,-7
1684941224.4587789,"40.493798,-111.865696",0,0,66536,423,66536,"[20000, 20000, 20000, 20000, 10000]",[66],-51,-77,-8,20,5,14,423,66536,-51,-75,-7
1684941225.887518,"40.493796,-111.865701",0,0,66536,423,66536,"[20000, 20000, 20000, 20000, 10000]",[66],-51,-73,-8,28,5,14,423,66536,-51,-75,-7
1684941227.417863,"40.493791,-111.865715",0,0,66536,423,66536,"[20000, 20000, 20000, 20000, 10000]",[66],-51,-73,-8,28,5,14,423,66536,-51,-73,-7
1684941228.877248,"40.493759,-111.865747",0,0,66536,423,66536,"[20000, 20000, 20000, 20000, 10000]",[66],-51,-73,-8,28,5,14,423,66536,-51,-73,-7
1684941230.399037,"40.493721,-111.865746",0,0,66536,423,66536,"[20000, 20000, 20000, 20000, 10000]",[66],-51,-67,-8,30,5,14,423,66536,-51,-73,-7
1684941231.8041909,"40.493715,-111.865740",0,0,66536,423,66536,"[20000, 20000, 20000, 20000, 10000]",[66],-51,-63,-9,30,5,14,423,66536,-51,-73,-7
1684941233.255473,"40.493685,-111.865705",0,0,66536,423,66536,"[20000, 20000, 20000, 20000, 10000]",[66],-51,-63,-9,30,5,14,423,66536,-51,-73,-7
1684941234.709537,"40.493662,-111.865690",0,0,66536,423,66536,"[20000, 20000, 20000, 20000, 10000]",[66],-51,-73,-9,29,5,14,423,66536,-51,-73,-7
1684941236.074176,"40.493601,-111.865663",0,0,66536,423,66536,"[20000, 20000, 20000, 20000, 10000]",[66],-51,-73,-9,29,5,14,423,66536,-53,-81,-8
1684941237.536087,"40.493562,-111.865654",0,0,66536,423,66536,"[20000, 20000, 20000, 20000, 10000]",[66],-53,-82,-9,22,5,14,423,66536,-53,-81,-8
1684941238.995858,"40.493476,-111.865646",0,0,66536,423,66536,"[20000, 20000, 20000, 20000, 10000]",[66],-65,-95,-9,8,5,14,423,66536,-53,-81,-8
1684941240.410264,"40.493427,-111.865650",0,0,66536,423,66536,"[20000, 20000, 20000, 20000, 10000]",[66],-65,-95,-9,8,5,14,423,66536,-53,-81,-8
1684941241.858321,"40.493380,-111.865660",0,0,66536,423,66536,"[20000, 20000, 20000, 20000, 10000]",[66],-65,-95,-9,8,5,14,423,66536,-53,-81,-8
1684941243.320103,"40.493283,-111.865694",0,0,66536,423,66536,"[20000, 20000, 20000, 20000, 10000]",[66],-63,-99,-10,-1,4,14,423,66536,-53,-81,-8
1684941244.7790148,"40.493234,-111.865711",0,0,66536,423,66536,"[20000, 20000, 20000, 20000, 10000]",[66],-63,-99,-10,-1,4,14,423,66536,-53,-81,-8
1684941246.2476008,"40.493136,-111.865739",0,0,66536,423,66536,"[20000, 20000, 20000, 20000, 10000]",[66],-59,-96,-11,0,4,14,423,66536,-53,-81,-8
1684941247.7763252,"40.493085,-111.865742",0,0,66536,423,66536,"[20000, 20000, 20000, 20000, 10000]",[66],-65,-101,-11,1,3,14,423,66536,-53,-81,-8
1684941249.288401,"40.492982,-111.865715",0,0,66536,424,66536,[20000],[66],-67,-106,-13,11,3,14,424,66536,-65,-95,-8
1684941250.752293,"40.492932,-111.865692",0,0,66536,424,66536,[20000],[66],-67,-106,-13,11,3,14,424,66536,-65,-95,-8
1684941252.295878,"40.492839,-111.865643",0,0,66536,424,66536,[20000],[66],-51,-80,-13,20,3,14,424,66536,-65,-95,-8
1684941253.728012,"40.492801,-111.865622",0,0,66536,424,66536,[20000],[66],-51,-80,-13,20,3,14,424,66536,-65,-95,-8
1684941255.203051,"40.492762,-111.865604",0,0,66536,424,66536,[20000],[66],-65,-96,-13,8,4,14,424,66536,-65,-95,-8
1684941256.6513321,"40.492763,-111.865605",0,0,66536,424,66536,[20000],[66],-63,-93,-12,8,4,14,424,66536,-65,-95,-8
1684941258.037964,"40.492770,-111.865608",0,0,66536,424,66536,"[20000, 10000, 20000, 20000]",[66],-63,-93,-12,8,4,14,424,66536,-65,-95,-8
1684941259.557487,"40.492772,-111.865611",0,0,66536,424,66536,"[20000, 10000, 20000, 20000]",[66],-61,-94,-11,9,4,14,424,66536,-65,-95,-8
1684941260.9691572,"40.492773,-111.865613",0,0,66536,424,66536,"[20000, 10000, 20000, 20000]",[66],-63,-94,-10,9,4,14,424,66536,-65,-95,-8
1684941262.428324,"40.492773,-111.865614",0,0,66536,424,66536,"[20000, 10000, 20000, 20000]",[66],-63,-94,-10,9,4,14,424,66536,-63,-92,-9
1684941268.394099,"40.492772,-111.865615",0,0,66536,424,66536,"[20000, 10000, 20000, 20000]",[66],-65,-93,-10,8,4,14,424,66536,-63,-93,-10
1684941272.028959,"40.492763,-111.865611",0,0,66536,424,66536,"[20000, 10000, 20000, 20000]",[66],-65,-93,-10,8,4,14,424,66536,-63,-94,-9
1684941273.522005,"40.492752,-111.865605",0,0,66536,424,66536,"[20000, 10000, 20000, 20000]",[66],-65,-97,-10,5,4,14,424,66536,-63,-94,-9
1684941274.990626,"40.492728,-111.865594",0,0,66536,424,66536,"[20000, 10000, 20000, 20000]",[66],-65,-97,-10,5,4,14,424,66536,-63,-94,-9
1684941276.4274209,"40.492717,-111.865589",0,0,66536,424,66536,"[20000, 10000, 20000, 20000]",[66],-59,-95,-10,7,4,14,424,66536,-63,-94,-9
1684941277.96189,"40.492687,-111.865576",0,0,66536,424,66536,"[20000, 10000, 20000, 20000]",[66],-59,-95,-10,7,4,14,424,66536,-63,-94,-9
1684941279.491294,"40.492667,-111.865575",0,0,66536,424,66536,"[20000, 10000, 20000, 20000]",[66],-59,-95,-10,7,4,14,424,66536,-63,-94,-9
1684941280.967953,"40.492647,-111.865585",0,0,66536,424,66536,"[20000, 10000, 20000, 20000]",[66],-59,-89,-10,12,4,14,424,66536,-63,-94,-9
1684941282.476955,"40.492605,-111.865665",0,0,66536,424,66536,"[20000, 10000, 20000, 20000]",[66],-59,-89,-10,12,4,14,424,66536,-57,-86,-7
1684941283.894797,"40.492588,-111.865722",0,0,66536,424,66536,"[20000, 10000, 20000, 20000]",[66],-59,-89,-10,12,4,14,424,66536,-57,-86,-7
1684941285.324065,"40.492551,-111.865853",0,0,66536,424,66536,"[20000, 10000, 20000, 20000]",[66],-61,-87,-9,15,4,14,424,66536,-57,-86,-7
1684941286.804254,"40.492531,-111.865922",0,0,66536,424,66536,"[20000, 10000, 20000, 20000]",[66],-53,-80,-9,19,4,14,424,66536,-57,-86,-7
1684941288.1870432,"40.492488,-111.866061",0,0,66536,424,66536,"[20000, 10000, 20000, 20000]",[66],-53,-83,-9,11,4,14,424,66536,-57,-86,-7
1684941289.621921,"40.492465,-111.866137",0,0,66536,424,66536,"[20000, 10000, 20000, 20000]",[66],-53,-83,-9,11,4,14,424,66536,-57,-86,-7
1684941291.0268621,"40.492418,-111.866304",0,0,66536,424,66536,"[20000, 10000, 20000, 20000]",[66],-53,-84,-8,13,4,14,424,66536,-57,-86,-7
1684941292.4752882,"40.492392,-111.866396",0,0,66536,424,66536,"[20000, 10000, 20000, 20000]",[66],-51,-78,-8,17,5,14,424,66536,-57,-86,-7
1684941294.063946,"40.492330,-111.866587",0,0,66536,424,66536,"[20000, 10000, 20000, 20000]",[66],-51,-78,-8,17,5,14,424,66536,-57,-86,-7
1684941295.547441,"40.492294,-111.866685",0,0,66536,424,66536,"[20000, 10000, 20000, 20000]",[66],-51,-81,-9,14,5,14,424,66536,-57,-86,-7
1684941297.0954409,"40.492229,-111.866880",0,0,66536,424,66536,"[20000, 10000, 20000, 20000]",[66],-51,-82,-9,11,4,14,424,66536,-57,-86,-7
1684941298.545086,"40.492198,-111.866978",0,0,66536,424,66536,"[20000, 10000, 20000, 20000]",[66],-51,-82,-9,11,4,14,424,66536,-57,-86,-7
1684941299.978527,"40.492135,-111.867177",0,0,66536,424,66536,"[20000, 10000, 20000, 20000]",[66],-51,-78,-9,15,5,14,424,66536,-57,-86,-7
1684941301.458087,"40.492103,-111.867280",0,0,66536,424,66536,"[20000, 10000, 20000, 20000]",[66],-51,-78,-9,15,5,14,424,66536,-57,-86,-7
1684941302.875788,"40.492069,-111.867385",0,0,66536,424,66536,"[20000, 10000, 20000, 20000]",[66],-51,-78,-9,15,5,14,424,66536,-57,-86,-7
1684941304.32034,"40.492000,-111.867606",0,0,66536,424,66536,"[20000, 10000, 20000, 20000]",[66],-51,-78,-9,15,5,14,424,66536,-57,-86,-7
1684941305.849677,"40.491965,-111.867719",0,0,66536,424,66536,"[20000, 10000, 20000, 20000]",[66],-51,-78,-9,15,5,14,424,66536,-57,-86,-7
1684941307.2823648,"40.491891,-111.867955",0,0,66536,424,66536,"[20000, 10000, 20000, 20000]",[66],-51,-78,-9,15,5,14,424,66536,-57,-86,-7
1684941308.72545,"40.491850,-111.868080",0,0,66536,424,66536,"[20000, 10000, 20000, 20000]",[66],-51,-78,-9,15,5,14,424,66536,-57,-86,-7
1684941310.240682,"40.491770,-111.868334",0,0,66536,424,66536,"[20000, 10000, 20000, 20000]",[66],-51,-79,-9,12,4,14,424,66536,-57,-86,-7
1684941311.716398,"40.491730,-111.868462",0,0,66536,424,66536,"[20000, 10000, 20000, 20000]",[66],-51,-79,-9,12,4,14,424,66536,-57,-86,-7
1684941313.2062132,"40.491650,-111.868721",0,0,66536,424,66536,"[20000, 10000, 20000, 20000]",[66],-51,-79,-9,12,4,14,424,66536,-57,-86,-7
1684941314.640693,"40.491610,-111.868850",0,0,66536,424,66536,"[20000, 10000, 20000, 20000]",[66],-55,-85,-9,7,4,14,424,66536,-57,-86,-7
1684941316.0647721,"40.491519,-111.869123",0,0,66536,424,66536,"[20000, 10000, 20000, 20000]",[66],-55,-85,-9,7,4,14,424,66536,-57,-86,-7
1684941317.5251951,"40.491474,-111.869263",0,0,66536,424,66536,"[20000, 10000, 20000, 20000]",[66],-55,-85,-9,7,4,14,424,66536,-57,-86,-7
1684941318.962914,"40.491382,-111.869543",0,0,66536,424,66536,"[20000, 10000, 20000, 20000]",[66],-55,-85,-9,7,4,14,424,66536,-57,-86,-7
1684941320.3724248,"40.491337,-111.869681",0,0,66536,424,66536,"[20000, 10000, 20000, 20000]",[66],-55,-93,-11,1,4,14,424,66536,-57,-86,-7
1684941321.833327,"40.491291,-111.869822",0,0,66536,424,66536,"[20000, 10000, 20000, 20000]",[66],-55,-93,-11,1,4,14,424,66536,-57,-86,-7
1684941323.268148,"40.491199,-111.870107",0,0,66536,424,66536,"[20000, 10000, 20000, 20000]",[66],-55,-93,-11,1,4,14,424,66536,-57,-86,-7
1684941324.661938,"40.491153,-111.870248",0,0,66536,424,66536,"[20000, 10000, 20000, 20000]",[66],-53,-95,-14,-7,2,14,424,66536,-57,-86,-7
1684941326.1577659,"40.491061,-111.870526",0,0,66536,424,66536,"[20000, 10000, 20000, 20000]",[66],-55,-93,-15,-5,2,14,424,66536,-57,-86,-7
1684941327.622582,"40.491014,-111.870666",0,0,66536,424,66536,"[20000, 10000, 20000, 20000]",[66],-55,-93,-15,-5,2,14,424,66536,-57,-86,-7
1684941329.071628,"40.490916,-111.870956",0,0,66536,424,66536,"[20000, 10000, 20000, 20000]",[66],-55,-93,-15,-5,2,14,424,66536,-57,-86,-7
1684941330.543951,"40.490866,-111.871103",0,0,66536,424,66536,"[20000, 10000, 20000, 20000]",[66],-55,-93,-15,-5,2,14,424,66536,-57,-86,-7
1684941332.00988,"40.490768,-111.871394",0,0,66536,424,66536,"[20000, 10000, 20000, 20000]",[66],-55,-93,-15,-5,2,14,424,66536,-57,-86,-7
1684941333.472865,"40.490720,-111.871536",0,0,66536,424,66536,"[20000, 10000, 20000, 20000]",[66],-61,-95,-15,2,2,14,424,66536,-57,-86,-7
1684941334.96607,"40.490621,-111.871832",0,0,66536,424,66536,"[20000, 10000, 20000, 20000]",[66],-63,-104,-16,-6,1,14,424,66536,-57,-86,-7
1684941336.3554702,"40.490572,-111.871980",0,0,66536,424,66536,"[20000, 20000, 20000, 20000, 10000]",[66],-63,-104,-16,-6,1,14,424,66536,-57,-86,-7
1684941337.766231,"40.490523,-111.872127",0,0,66536,427,66536,[20000],[66],-59,-94,-15,3,2,14,427,66536,-59,-93,-13
1684941339.282857,"40.490422,-111.872426",0,0,66536,427,66536,[20000],[66],-59,-94,-15,3,2,14,427,66536,-59,-93,-13
1684941340.717707,"40.490373,-111.872573",0,0,66536,427,66536,[20000],[66],-59,-94,-15,3,2,14,427,66536,-59,-93,-13
1684941342.12748,"40.490280,-111.872852",0,0,66536,427,66536,[20000],[66],-59,-94,-15,3,2,14,427,66536,-59,-93,-13
1684941343.6417348,"40.490242,-111.872979",0,0,66536,427,66536,[20000],[66],-59,-94,-15,3,2,14,427,66536,-59,-93,-13
1684941345.062639,"40.490173,-111.873202",0,0,66536,427,66536,[20000],[66],-65,-104,-16,-3,2,14,427,66536,-59,-93,-13
1684941346.590388,"40.490142,-111.873300",0,0,66536,427,66536,[20000],[66],-55,-90,-15,13,2,14,427,66536,-59,-93,-13
1684941348.027769,"40.490095,-111.873447",0,0,66536,427,66536,[20000],[66],-55,-90,-15,13,3,14,427,66536,-59,-93,-13
1684941349.4245088,"40.490089,-111.873502",0,0,66536,427,66536,[20000],[66],-61,-93,-14,7,4,14,427,66536,-59,-93,-13
1684941350.975632,"40.490121,-111.873605",0,0,66536,427,66536,[20000],[66],-63,-99,-14,2,3,14,427,66536,-59,-93,-13
1684941352.417066,"40.490159,-111.873658",0,0,66536,427,66536,[20000],[66],-63,-99,-14,2,3,14,427,66536,-59,-93,-13
1684941353.8527548,"40.490205,-111.873717",0,0,66536,427,66536,[20000],[66],-59,-93,-15,0,3,14,427,66536,-59,-93,-13
1684941355.345799,"40.490257,-111.873876",0,0,66536,427,66536,[20000],[66],-59,-93,-15,0,3,14,427,66536,-61,-98,-16
1684941356.8225,"40.490255,-111.873962",0,0,66536,427,66536,"[20000, 20000, 20000, 20000, 5000]",[66],-63,-101,-15,-1,3,14,427,66536,-61,-98,-16
1684941358.3067362,"40.490204,-111.874116",0,0,66536,427,66536,"[20000, 20000, 20000, 20000, 5000]",[66],-65,-104,-15,-9,2,14,427,66536,-61,-98,-16
1684941359.83549,"40.490179,-111.874181",0,0,66536,427,66536,"[20000, 20000, 20000, 20000, 5000]",[66],-65,-101,-15,0,2,14,427,66536,-61,-98,-16
1684941361.244809,"40.490191,-111.874311",0,0,66536,427,66536,"[20000, 20000, 20000, 20000, 5000]",[66],-65,-101,-15,0,2,14,427,66536,-61,-98,-16
1684941362.676563,"40.490230,-111.874370",0,0,66536,427,66536,"[20000, 20000, 20000, 20000, 5000]",[66],-59,-97,-16,0,2,14,427,66536,-61,-98,-16
1684941364.1598551,"40.490331,-111.874489",0,0,66536,427,66536,"[20000, 20000, 20000, 20000, 5000]",[66],-63,-101,-17,-3,2,14,427,66536,-61,-98,-16
1684941365.5520709,"40.490386,-111.874554",0,0,66536,427,66536,"[20000, 20000, 20000, 20000, 5000]",[66],-63,-104,-17,-4,1,14,427,66536,-61,-98,-16
1684941366.9777548,"40.490504,-111.874702",0,0,66536,427,66536,"[20000, 20000, 20000, 20000, 5000]",[66],-63,-104,-17,-4,1,14,427,66536,-61,-98,-16
1684941368.4417222,"40.490562,-111.874778",0,0,66536,427,66536,"[20000, 20000, 20000, 20000, 5000]",[66],-63,-104,-17,-4,1,14,427,66536,-61,-98,-16
1684941369.868376,"40.490606,-111.874840",0,0,66536,427,66536,"[20000, 20000, 20000, 20000, 5000]",[66],-63,-104,-17,-4,1,14,427,66536,-61,-98,-16
1684941371.3872309,"40.490654,-111.874907",0,0,66536,427,66536,"[20000, 20000, 20000, 20000, 5000]",[66],-61,-101,-18,-7,1,14,427,66536,-61,-98,-16
1684941372.854025,"40.490666,-111.874923",0,0,66536,427,66536,"[20000, 20000, 20000, 20000, 5000]",[66],-61,-101,-18,-7,1,14,427,66536,-61,-98,-16
1684941374.285836,"40.490664,-111.874920",0,0,66536,427,66536,"[20000, 20000, 20000, 20000, 5000]",[66],-61,-101,-18,-7,1,14,427,66536,-61,-98,-16
1684941375.779253,"40.490662,-111.874917",0,0,66536,427,66536,"[20000, 20000, 20000, 20000, 5000]",[66],-59,-94,-17,2,1,14,427,66536,-59,-93,-13
1684941377.248829,"40.490662,-111.874915",0,0,66536,427,66536,"[20000, 20000, 20000, 20000, 5000]",[66],-59,-94,-17,2,1,14,427,66536,-59,-93,-13
1684941378.688756,"40.490663,-111.874915",0,0,66536,427,66536,"[20000, 20000, 20000, 20000, 5000]",[66],-59,-94,-16,1,2,14,427,66536,-59,-93,-13
1684941380.200244,"40.490665,-111.874916",0,0,66536,427,66536,"[20000, 20000, 20000, 20000, 5000]",[66],-59,-94,-16,1,2,14,427,66536,-59,-93,-13
1684941382.735788,"40.490671,-111.874922",0,0,66536,427,66536,"[20000, 20000, 20000, 20000, 5000]",[66],-59,-94,-16,1,2,14,427,66536,-59,-94,-14
1684941384.187526,"40.490704,-111.874963",0,0,66536,427,66536,"[20000, 20000, 20000, 20000, 5000]",[66],-59,-94,-16,1,2,14,427,66536,-59,-94,-14
1684941385.694023,"40.490740,-111.875010",0,0,66536,427,66536,"[20000, 20000, 20000, 20000, 5000]",[66],-59,-94,-16,1,2,14,427,66536,-59,-94,-14
1684941387.105236,"40.490828,-111.875133",0,0,66536,427,66536,"[20000, 20000, 20000, 20000, 5000]",[66],-65,-99,-15,-1,2,14,427,66536,-65,-101,-17
1684941388.6219678,"40.490884,-111.875209",0,0,66536,427,66536,"[20000, 20000, 20000, 20000, 5000]",[66],-65,-99,-15,-1,2,14,427,66536,-65,-101,-17
1684941390.048471,"40.491005,-111.875377",0,0,66536,427,66536,"[20000, 20000, 20000, 20000, 5000]",[66],-65,-99,-15,-1,2,14,427,66536,-65,-101,-17
1684941391.48408,"40.491065,-111.875464",0,0,66536,427,66536,"[20000, 20000, 20000, 20000, 5000]",[66],-65,-99,-15,-1,2,14,427,66536,-65,-101,-17
1684941392.9688141,"40.491170,-111.875657",0,0,66536,427,66536,"[20000, 20000, 20000, 20000, 5000]",[66],-55,-89,-16,10,2,14,427,66536,-65,-101,-17
1684941394.427867,"40.491212,-111.875766",0,0,66536,427,66536,"[20000, 20000, 20000, 20000, 5000]",[66],-55,-89,-16,10,2,14,427,66536,-65,-101,-17
1684941395.868681,"40.491245,-111.875886",0,0,66536,427,66536,"[20000, 20000, 20000, 20000, 5000]",[66],-55,-89,-15,4,3,14,427,66536,-65,-101,-17
1684941397.414955,"40.491294,-111.876154",0,0,66536,427,66536,"[20000, 20000, 20000, 20000, 5000]",[66],-55,-89,-15,4,3,14,427,66536,-65,-101,-17
1684941398.817657,"40.491310,-111.876295",0,0,66536,427,66536,"[20000, 20000, 20000, 20000, 5000]",[66],-51,-90,-15,7,3,14,427,66536,-65,-101,-17
1684941400.271323,"40.491334,-111.876594",0,0,66536,427,66536,"[20000, 20000, 20000, 20000, 5000]",[66],-51,-90,-15,7,3,14,427,66536,-65,-101,-17
1684941401.7279072,"40.491339,-111.876748",0,0,66536,427,66536,"[20000, 20000, 20000, 20000, 5000]",[66],-61,-99,-15,-2,3,14,427,66536,-65,-101,-17
1684941403.154911,"40.491335,-111.877063",0,0,66536,427,66536,"[20000, 20000, 20000, 20000, 5000]",[66],-61,-99,-15,-2,3,14,427,66536,-65,-101,-17
1684941404.5638888,"40.491326,-111.877224",0,0,66536,427,66536,"[20000, 20000, 20000, 20000, 5000]",[66],-57,-94,-15,10,4,14,427,66536,-65,-101,-17
1684941406.0392342,"40.491294,-111.877514",0,0,66536,427,66536,"[20000, 20000, 20000, 20000, 5000]",[66],-57,-94,-15,10,4,14,427,66536,-65,-101,-17
1684941407.499518,"40.491267,-111.877647",0,0,66536,427,66536,"[20000, 20000, 20000, 20000, 5000]",[66],-63,-100,-15,8,4,14,427,66536,-65,-101,-17
1684941408.914473,"40.491229,-111.877766",0,0,66536,427,66536,"[20000, 20000, 20000, 20000, 5000]",[66],-63,-100,-15,8,4,14,427,66536,-65,-101,-17
1684941410.42343,"40.491134,-111.877944",0,0,66536,427,66536,"[20000, 20000, 20000, 20000, 5000]",[66],-63,-100,-15,8,4,14,427,66536,-65,-101,-17
1684941411.798468,"40.491093,-111.877990",0,0,66536,427,66536,"[20000, 20000, 20000, 20000, 5000]",[66],-63,-100,-15,8,4,14,427,66536,-65,-101,-17
1684941413.1954272,"40.491047,-111.878030",0,0,66536,427,66536,"[20000, 20000, 20000, 20000, 5000]",[66],-63,-100,-15,8,4,14,427,66536,-65,-101,-17
1684941414.695714,"40.491036,-111.878041",0,0,66536,427,66536,"[20000, 20000, 20000, 20000, 5000]",[66],-63,-100,-15,8,4,14,427,66536,-65,-101,-17
1684941416.163498,"40.490992,-111.878084",0,0,66536,427,66536,"[20000, 20000, 20000, 20000, 5000]",[66],-69,-106,-15,3,4,14,427,66536,-65,-101,-17
1684941417.6918368,"40.490948,-111.878126",0,0,66536,427,66536,"[20000, 20000, 20000, 20000, 5000]",[66],-69,-106,-15,3,4,14,427,66536,-69,-106,-15
1684941419.056576,"40.490828,-111.878242",0,0,66536,427,66536,"[20000, 20000, 20000, 20000, 5000]",[66],-69,-106,-15,3,4,14,427,66536,-69,-106,-15
1684941420.505955,"40.490753,-111.878312",0,0,66536,427,66536,"[20000, 20000, 20000, 20000, 5000]",[66],-73,-110,-15,0,3,14,427,66536,-69,-106,-15
1684941422.0489118,"40.490588,-111.878461",0,0,66536,427,66536,"[20000, 20000, 20000, 20000, 5000]",[66],-73,-110,-15,0,3,14,427,66536,-69,-106,-15
1684941423.497012,"40.490500,-111.878542",0,0,66536,427,66536,"[20000, 20000, 20000, 20000, 5000]",[66],-73,-110,-15,0,3,14,427,66536,-69,-106,-15
1684941424.95853,"40.490412,-111.878623",0,0,66536,427,66536,"[20000, 20000, 20000, 20000, 5000]",[66],-69,-107,-16,1,3,14,427,66536,-69,-106,-15
1684941426.460371,"40.490227,-111.878798",0,0,66536,427,66536,"[20000, 20000, 20000, 20000, 5000]",[66],-69,-107,-16,1,3,14,427,66536,-69,-106,-15
1684941427.935877,"40.490044,-111.878974",0,0,66536,427,66536,"[20000, 20000, 20000, 20000, 5000]",[66],-69,-107,-16,1,3,14,427,66536,-69,-106,-15
1684941429.4508421,"40.489951,-111.879065",0,0,66536,427,66536,"[20000, 20000, 20000, 20000, 5000]",[66],-63,-100,-16,4,3,14,427,66536,-69,-106,-15
1684941430.90927,"40.489859,-111.879158",0,0,66536,427,66536,"[20000, 20000, 20000, 20000, 5000]",[66],-63,-100,-16,4,3,14,427,66536,-69,-106,-15
1684941432.361103,"40.489675,-111.879354",0,0,66536,427,66536,"[20000, 20000, 20000, 20000, 5000]",[66],-65,-101,-16,2,3,14,427,66536,-69,-106,-15
1684941433.873475,"40.489581,-111.879459",0,0,66536,427,66536,"[20000, 20000, 20000, 20000, 5000]",[66],-59,-96,-16,6,3,14,427,66536,-69,-106,-15
1684941435.2647371,"40.489402,-111.879669",0,0,66536,427,66536,"[20000, 20000, 20000, 20000, 5000]",[66],-59,-96,-16,6,3,14,427,66536,-69,-106,-15
1684941436.766322,"40.489316,-111.879777",0,0,66536,427,66536,"[20000, 20000, 20000, 20000, 5000]",[66],-59,-96,-16,6,3,14,427,66536,-69,-106,-15
1684941438.275792,"40.489160,-111.879983",0,0,66536,427,66536,"[20000, 20000, 20000, 20000, 5000]",[66],-65,-101,-16,2,3,14,427,66536,-69,-106,-15
1684941439.706759,"40.489088,-111.880082",0,0,66536,427,66536,"[20000, 20000, 20000, 20000, 5000]",[66],-65,-101,-16,2,3,14,427,66536,-69,-106,-15
1684941441.1564171,"40.488942,-111.880292",0,0,66536,427,66536,"[20000, 20000, 20000, 20000, 5000]",[66],-65,-101,-16,2,3,14,427,66536,-69,-106,-15
1684941442.654172,"40.488866,-111.880402",0,0,66536,427,66536,"[20000, 20000, 20000, 20000, 5000]",[66],-63,-99,-16,2,3,14,427,66536,-69,-106,-15
1684941444.030296,"40.488715,-111.880627",0,0,66536,427,66536,"[20000, 20000, 20000, 20000, 5000]",[66],-63,-99,-16,2,3,14,427,66536,-69,-106,-15
1684941445.4690151,"40.488646,-111.880742",0,0,66536,427,66536,"[20000, 20000, 20000, 20000, 5000]",[66],-53,-90,-15,7,3,14,427,66536,-69,-106,-15
1684941446.953263,"40.488531,-111.880995",0,0,66536,427,66536,"[20000, 20000, 20000, 20000, 5000]",[66],-65,-103,-15,4,3,14,427,66536,-69,-106,-15
1684941448.381536,"40.488481,-111.881130",0,0,66536,427,66536,"[20000, 20000, 20000, 20000, 5000]",[66],-65,-103,-15,4,3,14,427,66536,-69,-106,-15
1684941449.805163,"40.488430,-111.881273",0,0,66536,427,66536,"[20000, 20000, 20000, 20000, 5000]",[66],-65,-103,-15,4,3,14,427,66536,-69,-106,-15
1684941451.3206542,"40.488329,-111.881568",0,0,66536,427,66536,"[20000, 20000, 20000, 20000, 5000]",[66],-65,-103,-15,4,3,14,427,66536,-69,-106,-15
1684941452.783605,"40.488285,-111.881714",0,0,66536,427,66536,"[20000, 20000, 20000, 20000, 5000]",[66],-71,-108,-15,6,3,14,427,66536,-69,-106,-15
1684941454.303714,"40.488243,-111.882003",0,0,66536,427,66536,"[20000, 20000, 20000, 20000, 5000]",[66],-69,-107,-16,2,3,14,427,66536,-69,-106,-15
1684941455.7764878,"40.488253,-111.882146",0,0,66536,427,66536,"[20000, 20000, 20000, 20000, 5000]",[66],-69,-107,-16,2,3,14,427,66536,-69,-106,-15
1684941457.208114,"40.488337,-111.882409",0,0,66536,427,66536,"[20000, 20000, 20000, 20000, 5000]",[66],-69,-107,-16,2,3,14,427,66536,-69,-106,-15
1684941458.656472,"40.488397,-111.882512",0,0,66536,427,66536,"[20000, 20000, 20000, 20000, 5000]",[66],-53,-92,-16,5,3,14,427,66536,-69,-106,-15
1684941460.12533,"40.488514,-111.882643",0,0,66536,427,66536,"[20000, 20000, 20000, 20000, 5000]",[66],-53,-92,-16,5,3,14,427,66536,-69,-106,-15
1684941461.6104078,"40.488556,-111.882674",0,0,66536,427,66536,"[20000, 20000, 20000, 20000, 5000]",[66],-55,-90,-17,5,3,14,427,66536,-69,-106,-15
1684941463.073909,"40.488599,-111.882699",0,0,66536,427,66536,"[20000, 20000, 20000, 20000, 5000]",[66],-57,-94,-16,1,3,14,427,66536,-69,-106,-15
1684941464.520094,"40.488604,-111.882701",0,0,66536,427,66536,"[20000, 20000, 20000, 20000, 5000]",[66],-57,-94,-16,1,3,14,427,66536,-69,-106,-15
1684941467.026288,"40.488603,-111.882701",0,0,66536,427,66536,"[20000, 20000, 20000, 20000, 5000]",[66],-53,-90,-16,1,3,14,427,66536,-53,-89,-15
1684941469.614124,"40.488606,-111.882702",0,0,66536,427,66536,"[20000, 20000, 20000, 20000, 5000]",[66],-53,-90,-16,1,3,14,427,66536,-53,-89,-15
1684941471.041717,"40.488618,-111.882708",0,0,66536,427,66536,"[20000, 20000, 20000, 20000, 5000]",[66],-53,-90,-16,1,3,14,427,66536,-53,-89,-15
1684941472.486731,"40.488623,-111.882710",0,0,66536,427,66536,"[20000, 20000, 20000, 20000, 5000]",[66],-53,-90,-16,1,3,14,427,66536,-55,-90,-15
1684941473.951106,"40.488634,-111.882713",0,0,66536,427,66536,"[20000, 20000, 20000, 20000, 5000]",[66],-53,-90,-16,1,3,14,427,66536,-55,-90,-15
1684941475.409087,"40.488651,-111.882714",0,0,66536,427,66536,"[20000, 20000, 20000, 20000, 5000]",[66],-53,-90,-16,1,3,14,427,66536,-55,-90,-15
1684941476.955244,"40.488719,-111.882667",0,0,66536,427,66536,"[20000, 20000, 20000, 20000, 5000]",[66],-61,-98,-16,-2,3,14,427,66536,-55,-93,-17
1684941478.317112,"40.488755,-111.882599",0,0,66536,427,66536,"[20000, 20000, 20000, 20000, 5000]",[66],-57,-92,-16,6,2,14,427,66536,-55,-93,-17
1684941479.723998,"40.488796,-111.882510",0,0,66536,427,66536,"[20000, 20000, 20000, 20000, 5000]",[66],-57,-92,-16,6,2,14,427,66536,-55,-93,-17
1684941481.2374048,"40.488900,-111.882292",0,0,66536,427,66536,"[20000, 20000, 20000, 20000, 5000]",[66],-55,-91,-16,5,3,14,427,66536,-55,-93,-17
1684941482.657863,"40.488970,-111.882174",0,0,66536,427,66536,"[20000, 20000, 20000, 20000, 5000]",[66],-51,-83,-16,9,3,14,427,66536,-51,-82,-15
1684941484.055404,"40.489150,-111.881945",0,0,66536,427,66536,"[20000, 20000, 20000, 20000, 5000]",[66],-51,-83,-16,9,3,14,427,66536,-51,-82,-15
1684941485.525511,"40.489258,-111.881838",0,0,66536,427,66536,"[20000, 20000, 20000, 20000, 5000]",[66],-55,-89,-16,8,3,14,427,66536,-51,-82,-15
1684941486.9693592,"40.489503,-111.881661",0,0,66536,427,66536,"[20000, 20000, 20000, 20000, 5000]",[66],-55,-89,-16,8,3,14,427,66536,-51,-82,-15
1684941488.446709,"40.489640,-111.881591",0,0,66536,427,66536,"[20000, 20000, 20000, 20000, 5000]",[66],-55,-89,-16,8,3,14,427,66536,-51,-82,-15
1684941489.981687,"40.489942,-111.881507",0,0,66536,427,66536,"[20000, 20000, 20000, 20000, 5000]",[66],-57,-94,-15,5,4,14,427,66536,-51,-82,-15
1684941491.367123,"40.490088,-111.881498",0,0,66536,427,66536,"[20000, 20000, 20000, 20000, 5000]",[66],-57,-94,-15,5,4,14,427,66536,-51,-82,-15
1684941492.76585,"40.490236,-111.881507",0,0,66536,427,66536,"[20000, 20000, 20000, 20000, 5000]",[66],-57,-94,-15,5,4,14,427,66536,-51,-82,-15
1684941494.285095,"40.490526,-111.881559",0,0,66536,427,66536,"[20000, 20000, 20000, 20000, 5000]",[66],-57,-94,-15,5,4,14,427,66536,-51,-82,-15
1684941495.743652,"40.490672,-111.881587",0,0,66536,427,66536,"[20000, 20000, 20000, 20000, 5000]",[66],-59,-99,-16,-9,3,14,427,66536,-51,-82,-15
1684941497.276386,"40.490973,-111.881646",0,0,66536,427,66536,"[20000, 20000, 20000, 20000, 5000]",[66],-57,-98,-16,-4,2,14,427,66536,-51,-82,-15
1684941498.7544289,"40.491126,-111.881680",0,0,66536,6,66536,[20000],[66],-51,-90,-17,-3,2,14,6,66536,-55,-88,-12
1684941500.255158,"40.491435,-111.881751",0,0,66536,6,66536,[20000],[66],-51,-90,-17,-3,2,14,6,66536,-55,-88,-12
1684941501.8557382,"40.491594,-111.881786",0,0,66536,6,66536,[20000],[66],-55,-93,-17,0,2,14,6,66536,-55,-88,-12
1684941503.4334872,"40.491907,-111.881851",0,0,66536,6,66536,[20000],[66],-55,-93,-17,0,2,14,6,66536,-55,-88,-12
1684941505.000503,"40.492225,-111.881919",0,0,66536,6,66536,[20000],[66],-51,-74,-15,10,2,14,6,66536,-55,-88,-12
1684941506.469846,"40.492383,-111.881950",0,0,66536,6,66536,[20000],[66],-51,-74,-15,10,2,14,6,66536,-55,-88,-12
1684941508.048557,"40.492699,-111.881999",0,0,66536,6,66536,[20000],[66],-51,-77,-13,11,3,14,6,66536,-55,-88,-12
1684941509.51334,"40.492855,-111.882017",0,0,66536,6,66536,[20000],[66],-51,-75,-12,10,4,14,6,66536,-55,-88,-12
1684941510.976222,"40.493145,-111.882040",0,0,66536,6,66536,[20000],[66],-51,-75,-11,10,4,14,6,66536,-55,-88,-12
1684941512.582128,"40.493285,-111.882055",0,0,66536,6,66536,[20000],[66],-57,-85,-9,9,4,14,6,66536,-55,-88,-12
1684941514.074774,"40.493569,-111.882108",0,0,66536,6,66536,[20000],[66],-55,-93,-9,-4,4,14,6,66536,-55,-88,-12
1684941515.607902,"40.493705,-111.882155",0,0,66536,6,66536,[20000],[66],-55,-93,-9,-4,4,14,6,66536,-55,-88,-12
1684941517.095253,"40.493977,-111.882302",0,0,66536,6,66536,[20000],[66],-55,-93,-9,-4,4,14,6,66536,-55,-88,-12
1684941518.579354,"40.494106,-111.882399",0,0,66536,6,66536,[20000],[66],-59,-100,-11,-5,3,14,6,66536,-55,-88,-12
1684941520.101135,"40.494343,-111.882634",0,0,66536,6,66536,"[20000, 10000]",[66],-59,-100,-11,-5,3,14,6,66536,-55,-88,-12
1684941521.6121259,"40.494454,-111.882780",0,0,66536,6,66536,"[20000, 10000]",[66],-61,-102,-13,-6,2,14,6,66536,-55,-88,-12
1684941523.2629938,"40.494642,-111.883107",0,0,66536,6,66536,"[20000, 10000]",[66],-65,-99,-14,-1,1,14,6,66536,-55,-88,-12
1684941524.767951,"40.494728,-111.883286",0,0,66536,6,66536,"[20000, 10000]",[66],-65,-98,-15,4,1,14,6,66536,-55,-88,-12
1684941526.364723,"40.494876,-111.883647",0,0,66536,6,66536,"[20000, 10000]",[66],-65,-98,-15,4,1,14,6,66536,-55,-88,-12
1684941527.874976,"40.494944,-111.883822",0,0,66536,6,66536,"[20000, 10000]",[66],-67,-101,-15,0,2,14,6,66536,-55,-88,-12
1684941529.365748,"40.495094,-111.884153",0,0,66536,6,66536,"[20000, 10000]",[66],-67,-101,-15,0,2,14,6,66536,-55,-88,-12
1684941530.867903,"40.495183,-111.884296",0,0,66536,6,66536,"[20000, 10000]",[66],-67,-100,-13,5,2,14,6,66536,-55,-88,-12
1684941532.367587,"40.495395,-111.884534",0,0,66536,6,66536,"[20000, 10000]",[66],-65,-101,-13,2,3,14,6,66536,-55,-88,-12
1684941533.902462,"40.495511,-111.884631",0,0,66536,6,66536,"[20000, 10000]",[66],-65,-101,-13,2,3,14,6,66536,-55,-88,-12
1684941535.340949,"40.495751,-111.884784",0,0,66536,6,66536,"[20000, 10000]",[66],-65,-101,-13,2,3,14,6,66536,-55,-88,-12
1684941536.83176,"40.495878,-111.884838",0,0,66536,6,66536,"[20000, 10000]",[66],-67,-106,-13,-2,2,14,6,66536,-55,-88,-12
1684941538.418138,"40.496151,-111.884905",0,0,66536,6,66536,"[20000, 10000]",[66],-67,-106,-13,-2,2,14,6,66536,-55,-88,-12
1684941539.835552,"40.496292,-111.884916",0,0,66536,6,66536,"[20000, 10000]",[66],-65,-104,-14,-1,2,14,6,66536,-55,-88,-12
1684941541.2502458,"40.496580,-111.884918",0,0,66536,427,66536,[20000],[66],-63,-110,-15,6,2,14,427,66536,-63,-97,-13
1684941542.78395,"40.496722,-111.884918",0,0,66536,427,66536,[20000],[66],-63,-95,-15,4,2,14,427,66536,-63,-97,-13
1684941544.258764,"40.497010,-111.884916",0,0,66536,427,66536,[20000],[66],-57,-94,-15,7,2,14,427,66536,-63,-97,-13
1684941545.653811,"40.497163,-111.884914",0,0,66536,427,66536,[20000],[66],-53,-89,-15,12,3,14,427,66536,-63,-97,-13
1684941547.173984,"40.497463,-111.884912",0,0,66536,427,66536,[20000],[66],-53,-89,-15,12,3,14,427,66536,-63,-97,-13
1684941548.6242712,"40.497616,-111.884912",0,0,66536,427,66536,[20000],[66],-55,-88,-15,13,4,14,427,66536,-63,-97,-13
1684941550.148845,"40.497913,-111.884915",0,0,66536,427,66536,[20000],[66],-57,-92,-14,9,4,14,427,66536,-63,-97,-13
1684941551.551271,"40.498061,-111.884916",0,0,66536,427,66536,[20000],[66],-57,-92,-14,9,4,14,427,66536,-63,-97,-13
1684941552.943559,"40.498370,-111.884914",0,0,66536,427,66536,[20000],[66],-57,-92,-14,12,4,14,427,66536,-63,-97,-13
1684941554.431912,"40.498519,-111.884913",0,0,66536,427,66536,[20000],[66],-63,-98,-14,6,4,14,427,66536,-63,-97,-13
1684941555.8622668,"40.498666,-111.884912",0,0,66536,427,66536,[20000],[66],-63,-98,-14,6,4,14,427,66536,-63,-97,-13
1684941557.311245,"40.498961,-111.884914",0,0,66536,427,66536,[20000],[66],-63,-99,-15,7,4,14,427,66536,-63,-97,-13
1684941558.874832,"40.499103,-111.884914",0,0,66536,427,66536,[20000],[66],-65,-100,-15,5,4,14,427,66536,-63,-97,-13
1684941560.3592708,"40.499378,-111.884911",0,0,66536,427,66536,[20000],[66],-65,-100,-15,5,4,14,427,66536,-63,-97,-13
1684941561.787319,"40.499517,-111.884904",0,0,66536,427,66536,[20000],[66],-55,-91,-15,10,4,14,427,66536,-63,-97,-13
1684941563.3196712,"40.499766,-111.884877",0,0,66536,427,66536,[20000],[66],-61,-100,-16,6,4,14,427,66536,-63,-97,-13
1684941564.789623,"40.499879,-111.884851",0,0,66536,427,66536,[20000],[66],-61,-100,-16,6,4,14,427,66536,-63,-97,-13
1684941566.244965,"40.500072,-111.884809",0,0,66536,427,66536,[20000],[66],-61,-100,-16,6,4,14,427,66536,-63,-97,-13
1684941567.71017,"40.500153,-111.884801",0,0,66536,427,66536,[20000],[66],-53,-86,-16,9,4,14,427,66536,-63,-97,-13
1684941569.094292,"40.500274,-111.884801",0,0,66536,427,66536,[20000],[66],-53,-86,-16,9,4,14,427,66536,-63,-97,-13
1684941570.6058922,"40.500314,-111.884802",0,0,66536,427,66536,[20000],[66],-53,-88,-15,9,4,14,427,66536,-63,-97,-13
1684941572.065769,"40.500355,-111.884803",0,0,66536,427,66536,[20000],[66],-53,-88,-15,9,4,14,427,66536,-63,-97,-13
1684941573.4867709,"40.500358,-111.884803",0,0,66536,427,66536,[20000],[66],-57,-95,-15,9,4,14,427,66536,-63,-97,-13
1684941574.976131,"40.500358,-111.884803",0,0,66536,427,66536,[20000],[66],-57,-95,-15,9,4,14,427,66536,-57,-92,-14
1684941577.470963,"40.500357,-111.884803",0,0,66536,427,66536,"[20000, 20000, 20000, 20000, 5000]",[66],-57,-95,-15,9,4,14,427,66536,-57,-92,-14
1684941579.964345,"40.500363,-111.884804",0,0,66536,427,66536,"[20000, 20000, 20000, 20000, 5000]",[66],-57,-95,-15,9,4,14,427,66536,-59,-93,-14
1684941581.4571211,"40.500364,-111.884804",0,0,66536,427,66536,"[20000, 20000, 20000, 20000, 5000]",[66],-57,-95,-15,9,4,14,427,66536,-59,-93,-14
1684941582.880476,"40.500363,-111.884804",0,0,66536,427,66536,"[20000, 20000, 20000, 20000, 5000]",[66],-61,-94,-15,10,4,14,427,66536,-59,-93,-14
1684941605.3278751,"40.500364,-111.884804",0,0,66536,427,66536,"[20000, 20000, 20000, 20000, 5000]",[66],-59,-91,-14,11,4,14,427,66536,-51,-86,-15
1684941606.658583,"40.500373,-111.884808",0,0,66536,427,66536,"[20000, 20000, 20000, 20000, 5000]",[66],-51,-87,-14,11,4,14,427,66536,-51,-86,-15
1684941608.017229,"40.500383,-111.884810",0,0,66536,427,66536,"[20000, 20000, 20000, 20000, 5000]",[66],-51,-87,-14,11,4,14,427,66536,-51,-86,-15
1684941609.3988109,"40.500383,-111.884808",0,0,66536,427,66536,"[20000, 20000, 20000, 20000, 5000]",[66],-51,-87,-14,11,4,14,427,66536,-51,-86,-15
1684941610.733398,"40.500382,-111.884806",0,0,66536,427,66536,"[20000, 20000, 20000, 20000, 5000]",[66],-57,-93,-14,11,4,14,427,66536,-57,-92,-12
1684941612.0948942,"40.500378,-111.884802",0,0,66536,427,66536,"[20000, 20000, 20000, 20000, 5000]",[66],-63,-96,-14,10,4,14,427,66536,-57,-92,-12
1684941613.4781618,"40.500381,-111.884801",0,0,66536,427,66536,"[20000, 20000, 20000, 20000, 5000]",[66],-63,-96,-14,10,4,14,427,66536,-57,-92,-12
1684941614.817118,"40.500397,-111.884801",0,0,66536,427,66536,"[20000, 20000, 20000, 20000, 5000]",[66],-53,-89,-14,11,4,14,427,66536,-57,-92,-12
1684941616.1478689,"40.500489,-111.884803",0,0,66536,427,66536,"[20000, 20000, 20000, 20000, 5000]",[66],-53,-89,-14,11,4,14,427,66536,-51,-89,-16
1684941617.4790468,"40.500558,-111.884803",0,0,66536,427,66536,"[20000, 20000, 20000, 20000, 5000]",[66],-59,-92,-14,9,4,14,427,66536,-51,-89,-16
1684941618.86562,"40.500640,-111.884803",0,0,66536,427,66536,"[20000, 20000, 20000, 20000, 5000]",[66],-59,-92,-14,9,4,14,427,66536,-51,-89,-16
1684941620.1823208,"40.500841,-111.884805",0,0,66536,427,66536,"[20000, 20000, 20000, 20000, 5000]",[66],-59,-92,-14,9,4,14,427,66536,-51,-89,-16
1684941621.500598,"40.500959,-111.884807",0,0,66536,427,66536,"[20000, 20000, 20000, 20000, 5000]",[66],-59,-92,-14,9,4,14,427,66536,-51,-89,-16
1684941622.870657,"40.501085,-111.884820",0,0,66536,427,66536,"[20000, 20000, 20000, 20000, 5000]",[66],-59,-92,-14,9,4,14,427,66536,-51,-89,-16
1684941624.360395,"40.501348,-111.884873",0,0,66536,427,66536,"[20000, 20000, 20000, 20000, 5000]",[66],-55,-93,-14,5,4,14,427,66536,-51,-89,-16
1684941625.7121449,"40.501480,-111.884914",0,0,66536,427,66536,"[20000, 20000, 20000, 20000, 5000]",[66],-55,-93,-14,5,4,14,427,66536,-51,-89,-16
1684941627.0424562,"40.501761,-111.885016",0,0,66536,427,66536,"[20000, 20000, 20000, 20000, 5000]",[66],-65,-99,-15,8,4,14,427,66536,-51,-89,-16
1684941628.396364,"40.501911,-111.885075",0,0,66536,427,66536,"[20000, 20000, 20000, 20000, 5000]",[66],-65,-100,-14,7,4,14,427,66536,-51,-89,-16
1684941629.7693162,"40.502062,-111.885135",0,0,66536,427,66536,"[20000, 20000, 20000, 20000, 5000]",[66],-59,-92,-15,9,4,14,427,66536,-51,-89,-16
1684941631.095447,"40.502356,-111.885251",0,0,66536,427,66536,"[20000, 20000, 20000, 20000, 5000]",[66],-59,-92,-15,9,4,14,427,66536,-51,-89,-16
1684941632.447941,"40.502497,-111.885310",0,0,66536,427,66536,"[20000, 20000, 20000, 20000, 5000]",[66],-59,-92,-15,9,4,14,427,66536,-51,-89,-16
1684941633.797344,"40.502640,-111.885372",0,0,66536,427,66536,"[20000, 20000, 20000, 20000, 5000]",[66],-59,-92,-15,9,4,14,427,66536,-51,-89,-16
1684941635.196224,"40.502913,-111.885519",0,0,66536,427,66536,"[20000, 20000, 20000, 20000, 5000]",[66],-59,-92,-15,9,4,14,427,66536,-51,-89,-16
1684941636.53496,"40.503039,-111.885607",0,0,66536,427,66536,"[20000, 20000, 20000, 20000, 5000]",[66],-59,-92,-15,9,4,14,427,66536,-51,-89,-16
1684941637.910296,"40.503155,-111.885696",0,0,66536,427,66536,"[20000, 20000, 20000, 20000, 5000]",[66],-53,-89,-15,3,4,14,427,66536,-51,-89,-16
1684941639.336937,"40.503341,-111.885857",0,0,66536,427,66536,"[20000, 20000, 20000, 20000, 5000]",[66],-53,-89,-15,3,4,14,427,66536,-51,-89,-16
1684941640.6896331,"40.503415,-111.885924",0,0,66536,427,66536,"[20000, 20000, 20000, 20000, 5000]",[66],-57,-92,-15,4,4,14,427,66536,-51,-89,-16
1684941642.028608,"40.503531,-111.886013",0,0,66536,427,66536,"[20000, 20000, 20000, 20000, 5000]",[66],-59,-97,-15,13,4,14,427,66536,-51,-89,-16
1684941643.362009,"40.503588,-111.886004",0,0,66536,427,66536,"[20000, 20000, 20000, 20000, 5000]",[66],-59,-97,-15,13,4,14,427,66536,-51,-89,-16
1684941644.781424,"40.503645,-111.885957",0,0,66536,427,66536,"[20000, 20000, 20000, 20000, 5000]",[66],-51,-90,-15,15,4,14,427,66536,-51,-89,-16
1684941646.1575959,"40.503753,-111.885798",0,0,66536,427,66536,"[20000, 20000, 20000, 20000, 5000]",[66],-61,-95,-14,5,4,14,427,66536,-51,-89,-16
1684941647.5024252,"40.503823,-111.885712",0,0,66536,427,66536,"[20000, 20000, 20000, 20000, 5000]",[66],-61,-95,-14,5,4,14,427,66536,-51,-89,-16
1684941648.8543942,"40.503904,-111.885627",0,0,66536,427,66536,"[20000, 20000, 20000, 20000, 5000]",[66],-55,-96,-15,-1,4,14,427,66536,-51,-89,-16
1684941650.276335,"40.504104,-111.885467",0,0,66536,427,66536,"[20000, 20000, 20000, 20000, 5000]",[66],-55,-96,-15,-1,4,14,427,66536,-51,-89,-16
1684941651.646463,"40.504218,-111.885397",0,0,66536,427,66536,"[20000, 20000, 20000, 20000, 5000]",[66],-71,-107,-15,2,4,14,427,66536,-51,-89,-16
1684941653.006424,"40.504472,-111.885310",0,0,66536,427,66536,"[20000, 20000, 20000, 20000, 5000]",[66],-69,-106,-15,-1,3,14,427,66536,-51,-89,-16
1684941654.4053319,"40.504607,-111.885291",0,0,66536,427,66536,"[20000, 20000, 20000, 20000, 5000]",[66],-69,-106,-15,-1,3,14,427,66536,-51,-89,-16
1684941655.756923,"40.504746,-111.885282",0,0,66536,40,66536,[20000],[66],-67,-105,-16,4,2,14,40,66536,-69,-103,-14
1684941657.099694,"40.505022,-111.885269",0,0,66536,40,66536,[20000],[66],-67,-105,-16,4,2,14,40,66536,-69,-103,-14
1684941658.430151,"40.505161,-111.885266",0,0,66536,40,66536,[20000],[66],-67,-105,-16,4,2,14,40,66536,-69,-103,-14
1684941659.839486,"40.505298,-111.885265",0,0,66536,40,66536,[20000],[66],-67,-105,-16,4,2,14,40,66536,-69,-103,-14
1684941661.2074912,"40.505572,-111.885264",0,0,66536,40,66536,[20000],[66],-67,-105,-16,4,2,14,40,66536,-69,-103,-14
1684941662.57726,"40.505710,-111.885264",0,0,66536,40,66536,[20000],[66],-69,-105,-16,4,3,14,40,66536,-69,-103,-14
1684941664.035244,"40.505990,-111.885262",0,0,66536,40,66536,[20000],[66],-69,-105,-16,4,3,14,40,66536,-69,-103,-14
1684941665.456795,"40.506136,-111.885260",0,0,66536,40,66536,[20000],[66],-69,-105,-16,4,3,14,40,66536,-69,-103,-14
1684941666.917172,"40.506282,-111.885260",0,0,66536,40,66536,[20000],[66],-61,-99,-15,9,3,14,40,66536,-69,-103,-14
1684941668.3426151,"40.506573,-111.885241",0,0,66536,40,66536,[20000],[66],-61,-99,-15,9,3,14,40,66536,-69,-103,-14
1684941669.810814,"40.506716,-111.885221",0,0,66536,40,66536,[20000],[66],-73,-109,-15,1,3,14,40,66536,-69,-103,-14
1684941671.284466,"40.506993,-111.885193",0,0,66536,40,66536,[20000],[66],-65,-98,-15,12,3,14,40,66536,-69,-103,-14
1684941672.785766,"40.507130,-111.885190",0,0,66536,40,66536,[20000],[66],-65,-98,-14,12,4,14,40,66536,-69,-103,-14
1684941674.210468,"40.507382,-111.885186",0,0,66536,40,66536,"[20000, 20000, 20000, 20000, 5000]",[66],-65,-98,-14,12,4,14,40,66536,-69,-103,-14
1684941675.626095,"40.507489,-111.885184",0,0,66536,40,66536,"[20000, 20000, 20000, 20000, 5000]",[66],-65,-98,-14,12,4,14,40,66536,-69,-103,-14
1684941677.116788,"40.507658,-111.885185",0,0,66536,40,66536,"[20000, 20000, 20000, 20000, 5000]",[66],-65,-98,-14,12,4,14,40,66536,-69,-103,-14
1684941678.564482,"40.507713,-111.885186",0,0,66536,40,66536,"[20000, 20000, 20000, 20000, 5000]",[66],-69,-108,-15,6,3,14,40,66536,-69,-103,-14
1684941680.0128992,"40.507768,-111.885188",0,0,66536,40,66536,"[20000, 20000, 20000, 20000, 5000]",[66],-73,-108,-14,6,3,14,40,66536,-69,-103,-14
1684941681.4916039,"40.507770,-111.885185",0,0,66536,40,66536,"[20000, 20000, 20000, 20000, 5000]",[66],-73,-108,-14,6,3,14,40,66536,-69,-103,-14
1684941682.9690828,"40.507769,-111.885182",0,0,66536,40,66536,"[20000, 20000, 20000, 20000, 5000]",[66],-73,-108,-14,6,3,14,40,66536,-69,-103,-14
1684941684.443128,"40.507769,-111.885181",0,0,66536,40,66536,"[20000, 20000, 20000, 20000, 5000]",[66],-73,-108,-14,6,3,14,40,66536,-69,-103,-14
1684941685.855932,"40.507768,-111.885181",0,0,66536,40,66536,"[20000, 20000, 20000, 20000, 5000]",[66],-73,-108,-14,6,3,14,40,66536,-67,-102,-15
1684941687.214559,"40.507768,-111.885180",0,0,66536,40,66536,"[20000, 20000, 20000, 20000, 5000]",[66],-73,-108,-14,6,3,14,40,66536,-67,-102,-15
1684941688.755662,"40.507768,-111.885179",0,0,66536,40,66536,"[20000, 20000, 20000, 20000, 5000]",[66],-67,-103,-14,7,3,14,40,66536,-67,-102,-15
1684941690.1953762,"40.507779,-111.885180",0,0,66536,40,66536,"[20000, 20000, 20000, 20000, 5000]",[66],-71,-102,-14,4,3,14,40,66536,-71,-102,-13
1684941691.641899,"40.507806,-111.885182",0,0,66536,40,66536,"[20000, 20000, 20000, 20000, 5000]",[66],-71,-102,-14,4,3,14,40,66536,-71,-102,-13
1684941693.111956,"40.507884,-111.885194",0,0,66536,40,66536,"[20000, 20000, 20000, 20000, 5000]",[66],-71,-108,-15,1,3,14,40,66536,-71,-102,-13
1684941694.5190852,"40.507890,-111.885194",0,0,66536,40,66536,"[20000, 20000, 20000, 20000, 5000]",[66],-71,-108,-15,1,3,14,40,66536,-71,-102,-13
1684941695.965384,"40.507884,-111.885191",0,0,66536,40,66536,"[20000, 20000, 20000, 20000, 5000]",[66],-71,-107,-15,2,3,14,40,66536,-71,-106,-14
1684941697.458282,"40.507883,-111.885191",0,0,66536,40,66536,"[20000, 20000, 20000, 20000, 5000]",[66],-71,-107,-15,2,3,14,40,66536,-71,-106,-14
1684941698.873955,"40.507883,-111.885193",0,0,66536,40,66536,"[20000, 20000, 20000, 20000, 5000]",[66],-71,-107,-15,3,3,14,40,66536,-71,-106,-14
1684941700.320588,"40.507886,-111.885195",0,0,66536,40,66536,"[20000, 20000, 20000, 20000, 5000]",[66],-71,-107,-15,3,3,14,40,66536,-73,-108,-14
1684941701.868169,"40.507898,-111.885196",0,0,66536,40,66536,"[20000, 20000, 20000, 20000, 5000]",[66],-71,-107,-15,3,3,14,40,66536,-73,-108,-14
1684941703.319934,"40.507966,-111.885208",0,0,66536,40,66536,"[20000, 20000, 20000, 20000, 5000]",[66],-71,-107,-15,3,3,14,40,66536,-73,-108,-14
1684941704.739396,"40.508021,-111.885224",0,0,66536,40,66536,"[20000, 20000, 20000, 20000, 5000]",[66],-71,-107,-15,3,3,14,40,66536,-73,-108,-14
1684941706.2674391,"40.508158,-111.885277",0,0,66536,40,66536,"[20000, 20000, 20000, 20000, 5000]",[66],-75,-108,-14,0,3,14,40,66536,-73,-105,-12
1684941707.726033,"40.508239,-111.885313",0,0,66536,40,66536,"[20000, 20000, 20000, 20000, 5000]",[66],-75,-108,-14,0,3,14,40,66536,-73,-105,-12
1684941709.160258,"40.508421,-111.885410",0,0,66536,40,66536,"[20000, 20000, 20000, 20000, 5000]",[66],-75,-108,-14,0,3,14,40,66536,-73,-105,-12
1684941710.6266391,"40.508521,-111.885464",0,0,66536,40,66536,"[20000, 20000, 20000, 20000, 5000]",[66],-75,-108,-14,0,3,14,40,66536,-73,-105,-12
1684941712.0295548,"40.508743,-111.885564",0,0,66536,40,66536,"[20000, 20000, 20000, 20000, 5000]",[66],-69,-105,-14,4,3,14,40,66536,-73,-105,-12
1684941713.528247,"40.508865,-111.885604",0,0,66536,40,66536,"[20000, 20000, 20000, 20000, 5000]",[66],-69,-105,-14,4,3,14,40,66536,-73,-105,-12
1684941714.9552681,"40.509122,-111.885639",0,0,66536,40,66536,"[20000, 20000, 20000, 20000, 5000]",[66],-65,-109,-15,-8,2,14,40,66536,-73,-105,-12
1684941716.375864,"40.509255,-111.885641",0,0,66536,40,66536,"[20000, 20000, 20000, 20000, 5000]",[66],-65,-109,-15,-8,2,14,40,66536,-73,-105,-12
1684941717.910356,"40.509382,-111.885638",0,0,66536,40,66536,"[20000, 20000, 20000, 20000, 5000]",[66],-69,-107,-15,2,2,14,40,66536,-73,-105,-12
1684941719.376052,"40.509634,-111.885633",0,0,66536,40,66536,"[20000, 20000, 20000, 20000, 5000]",[66],-69,-107,-15,2,2,14,40,66536,-73,-105,-12
1684941720.853537,"40.509757,-111.885635",0,0,66536,40,66536,"[20000, 20000, 20000, 20000, 5000]",[66],-73,-109,-16,3,3,14,40,66536,-73,-105,-12
1684941722.322677,"40.510005,-111.885662",0,0,66536,40,66536,"[20000, 20000, 20000, 20000, 5000]",[66],-61,-98,-16,9,3,14,40,66536,-73,-105,-12
1684941723.7831,"40.510132,-111.885693",0,0,66536,40,66536,"[20000, 20000, 20000, 20000, 5000]",[66],-61,-98,-16,9,3,14,40,66536,-73,-105,-12
1684941725.309477,"40.510400,-111.885792",0,0,66536,40,66536,"[20000, 20000, 20000, 20000, 5000]",[66],-61,-98,-16,9,3,14,40,66536,-73,-105,-12
1684941726.707018,"40.510538,-111.885851",0,0,66536,40,66536,"[20000, 20000, 20000, 20000, 5000]",[66],-71,-100,-14,8,4,14,40,66536,-73,-105,-12
1684941728.1786711,"40.510812,-111.885962",0,0,66536,40,66536,"[20000, 20000, 20000, 20000, 5000]",[66],-71,-100,-14,8,4,14,40,66536,-73,-105,-12
1684941729.655932,"40.510947,-111.886016",0,0,66536,40,66536,"[20000, 20000, 20000, 20000, 5000]",[66],-71,-100,-14,8,4,14,40,66536,-73,-105,-12
1684941731.013376,"40.511212,-111.886097",0,0,66536,40,66536,"[20000, 20000, 20000, 20000, 5000]",[66],-71,-100,-14,8,4,14,40,66536,-73,-105,-12
1684941732.435741,"40.511350,-111.886119",0,0,66536,40,66536,"[20000, 20000, 20000, 20000, 5000]",[66],-73,-108,-13,-1,3,14,40,66536,-73,-105,-12
1684941733.909398,"40.511490,-111.886131",0,0,66536,40,66536,"[20000, 20000, 20000, 20000, 5000]",[66],-73,-108,-13,-1,3,14,40,66536,-73,-105,-12
1684941735.33264,"40.511777,-111.886137",0,0,66536,40,66536,"[20000, 20000, 20000, 20000, 5000]",[66],-73,-108,-13,-1,3,14,40,66536,-73,-105,-12
1684941736.7619479,"40.511922,-111.886138",0,0,66536,40,66536,"[20000, 20000, 20000, 20000, 5000]",[66],-73,-115,-15,-7,2,14,40,66536,-73,-105,-12
1684941738.2004302,"40.512217,-111.886138",0,0,66536,40,66536,"[20000, 20000, 20000, 20000, 5000]",[66],-77,-118,-16,-10,1,14,40,66536,-73,-105,-12
1684941739.650113,"40.512361,-111.886137",0,0,66536,412,66536,[20000],[66],-69,-105,-17,7,1,14,412,66536,-69,-101,-12
1684941741.1119602,"40.512651,-111.886129",0,0,66536,412,66536,[20000],[66],-69,-102,-16,7,1,14,412,66536,-69,-101,-12
1684941742.6022022,"40.512792,-111.886126",0,0,66536,412,66536,[20000],[66],-73,-106,-16,2,1,14,412,66536,-69,-101,-12
1684941744.0560489,"40.513073,-111.886117",0,0,66536,412,66536,[20000],[66],-73,-106,-16,2,1,14,412,66536,-69,-101,-12
1684941745.5400681,"40.513208,-111.886111",0,0,66536,412,66536,[20000],[66],-73,-106,-16,2,1,14,412,66536,-69,-101,-12
1684941747.0254269,"40.513468,-111.886105",0,0,66536,412,66536,[20000],[66],-69,-106,-16,-4,2,14,412,66536,-69,-101,-12
1684941748.502808,"40.513594,-111.886106",0,0,66536,40,66536,[20000],[66],-61,-102,-15,8,2,14,40,66536,-67,-101,-13
1684941749.9480598,"40.513828,-111.886105",0,0,66536,40,66536,[20000],[66],-67,-108,-17,-6,2,14,40,66536,-67,-101,-13
1684941751.4416928,"40.513939,-111.886103",0,0,66536,412,66536,[20000],[66],-63,-110,-17,11,2,14,412,66536,-63,-96,-12
1684941752.884762,"40.514048,-111.886102",0,0,66536,412,66536,[20000],[66],-57,-94,-17,13,2,14,412,66536,-63,-96,-12
1684941754.326668,"40.514267,-111.886118",0,0,66536,412,66536,[20000],[66],-57,-94,-17,13,2,14,412,66536,-63,-96,-12
1684941755.760891,"40.514371,-111.886136",0,0,66536,412,66536,[20000],[66],-61,-98,-17,13,3,14,412,66536,-63,-96,-12
1684941757.183389,"40.514546,-111.886188",0,0,66536,412,66536,[20000],[66],-61,-98,-17,13,3,14,412,66536,-63,-96,-12
1684941758.714284,"40.514606,-111.886225",0,0,66536,412,66536,[20000],[66],-63,-100,-17,10,4,14,412,66536,-63,-96,-12
1684941760.160474,"40.514671,-111.886348",0,0,66536,412,66536,"[20000, 10000, 5000, 10000]",[66],-63,-100,-17,10,4,14,412,66536,-63,-96,-12
1684941761.586494,"40.514677,-111.886441",0,0,66536,412,66536,"[20000, 10000, 5000, 10000]",[66],-71,-110,-16,2,4,14,412,66536,-63,-96,-12
1684941763.0145888,"40.514640,-111.886668",0,0,66536,412,66536,"[20000, 10000, 5000, 10000]",[66],-69,-107,-16,7,4,14,412,66536,-63,-96,-12
1684941764.472994,"40.514614,-111.886798",0,0,66536,412,66536,"[20000, 10000, 5000, 10000]",[66],-69,-107,-16,7,4,14,412,66536,-63,-96,-12
1684941765.926177,"40.514589,-111.886932",0,0,66536,412,66536,"[20000, 10000, 5000, 10000]",[66],-75,-114,-17,-2,4,14,412,66536,-63,-96,-12
1684941767.380594,"40.514562,-111.887213",0,0,66536,412,66536,"[20000, 10000, 5000, 10000]",[66],-73,-111,-17,2,3,14,412,66536,-63,-96,-12
1684941768.834411,"40.514561,-111.887361",0,0,66536,412,66536,"[20000, 10000, 5000, 10000]",[66],-73,-110,-17,2,3,14,412,66536,-63,-96,-12
1684941770.290487,"40.514564,-111.887654",0,0,66536,412,66536,"[20000, 10000, 5000, 10000]",[66],-73,-110,-17,2,3,14,412,66536,-63,-96,-12
1684941771.819647,"40.514565,-111.887801",0,0,66536,412,66536,"[20000, 10000, 5000, 10000]",[66],-73,-110,-17,2,3,14,412,66536,-63,-96,-12
1684941773.26623,"40.514570,-111.888111",0,0,66536,412,66536,"[20000, 10000, 5000, 10000]",[66],-73,-110,-17,2,3,14,412,66536,-63,-96,-12
1684941774.757726,"40.514571,-111.888265",0,0,66536,412,66536,"[20000, 10000, 5000, 10000]",[66],-77,-113,-17,0,3,14,412,66536,-63,-96,-12
1684941776.177984,"40.514572,-111.888590",0,0,66536,412,66536,"[20000, 10000, 5000, 10000]",[66],-75,-116,-17,-5,2,14,412,66536,-63,-96,-12
1684941777.64016,"40.514572,-111.888758",0,0,66536,412,66536,"[20000, 10000, 5000, 10000]",[66],-75,-116,-17,-5,2,14,412,66536,-63,-96,-12
1684941779.1119528,"40.514571,-111.889106",0,0,66536,412,66536,"[20000, 10000, 5000, 10000]",[66],-71,-113,-17,-5,2,14,412,66536,-63,-96,-12
1684941780.603921,"40.514570,-111.889289",0,0,66536,412,66536,"[20000, 10000, 5000, 10000]",[66],-79,-122,-18,-8,1,14,412,66536,-63,-96,-12
1684941782.051716,"40.514569,-111.889641",0,0,66536,412,66536,"[20000, 10000, 5000, 10000]",[66],-79,-122,-18,-8,1,14,412,66536,-63,-96,-12
1684941783.510126,"40.514567,-111.889809",0,0,66536,412,66536,"[20000, 10000, 5000, 10000]",[66],-77,-116,-18,-3,1,14,412,66536,-63,-96,-12
1684941784.946404,"40.514569,-111.889970",0,0,66536,412,66536,"[20000, 10000, 5000, 10000]",[66],-65,-109,-19,-2,1,14,412,66536,-63,-96,-12
1684941786.384694,"40.514576,-111.890251",0,0,66536,412,66536,"[20000, 10000, 5000, 10000]",[66],-65,-109,-19,-2,1,14,412,66536,-63,-96,-12
1684941787.844648,"40.514579,-111.890363",0,0,66536,412,66536,"[20000, 10000, 5000, 10000]",[66],-73,-112,-19,-2,1,14,412,66536,-63,-96,-12
1684941789.268244,"40.514587,-111.890516",0,0,66536,412,66536,"[20000, 10000, 5000, 10000]",[66],-73,-112,-19,-2,1,14,412,66536,-63,-96,-12
1684941790.834147,"40.514597,-111.890559",0,0,66536,412,66536,"[20000, 10000, 5000, 10000]",[66],-73,-112,-19,-2,1,14,412,66536,-63,-96,-12
1684941792.243623,"40.514656,-111.890627",0,0,66536,412,66536,"[20000, 10000, 5000, 10000]",[66],-65,-105,-19,4,2,14,427,66536,-61,-97,-14
1684941793.661576,"40.514713,-111.890646",0,0,66536,427,66536,[20000],[66],-65,-105,-19,4,2,14,427,66536,-61,-97,-14
1684941795.144185,"40.514869,-111.890648",0,0,66536,427,66536,[20000],[66],-63,-98,-18,2,2,14,427,66536,-61,-97,-14
1684941796.5944161,"40.514968,-111.890646",0,0,66536,427,66536,"[20000, 20000, 20000, 20000, 5000]",[66],-61,-98,-18,6,2,14,427,66536,-61,-97,-14
1684941798.05733,"40.515195,-111.890645",0,0,66536,427,66536,"[20000, 20000, 20000, 20000, 5000]",[66],-61,-98,-18,6,2,14,427,66536,-61,-97,-14
1684941799.557513,"40.515316,-111.890644",0,0,66536,427,66536,"[20000, 20000, 20000, 20000, 5000]",[66],-59,-97,-17,9,2,14,427,66536,-61,-97,-14
1684941800.9755409,"40.515587,-111.890647",0,0,66536,427,66536,"[20000, 20000, 20000, 20000, 5000]",[66],-61,-97,-17,7,3,14,427,66536,-61,-97,-14
1684941802.427907,"40.515727,-111.890646",0,0,66536,427,66536,"[20000, 20000, 20000, 20000, 5000]",[66],-61,-97,-17,7,3,14,427,66536,-61,-97,-14
1684941803.9111521,"40.515869,-111.890645",0,0,66536,427,66536,"[20000, 20000, 20000, 20000, 5000]",[66],-63,-98,-16,4,3,14,427,66536,-61,-97,-14
1684941805.353556,"40.516166,-111.890646",0,0,66536,427,66536,"[20000, 20000, 20000, 20000, 5000]",[66],-63,-96,-15,7,4,14,427,66536,-61,-97,-14
1684941806.77359,"40.516316,-111.890647",0,0,66536,427,66536,"[20000, 20000, 20000, 20000, 5000]",[66],-63,-96,-15,7,4,14,427,66536,-61,-97,-14
1684941808.265399,"40.516624,-111.890646",0,0,66536,427,66536,"[20000, 20000, 20000, 20000, 5000]",[66],-63,-96,-15,7,4,14,427,66536,-61,-97,-14
1684941809.641196,"40.516782,-111.890645",0,0,66536,427,66536,"[20000, 20000, 20000, 20000, 5000]",[66],-63,-96,-15,7,4,14,427,66536,-61,-97,-14
1684941811.090962,"40.517093,-111.890643",0,0,66536,427,66536,"[20000, 20000, 20000, 20000, 5000]",[66],-63,-96,-15,7,4,14,427,66536,-61,-97,-14
1684941812.551521,"40.517252,-111.890644",0,0,66536,427,66536,"[20000, 20000, 20000, 20000, 5000]",[66],-67,-102,-14,-1,4,14,427,66536,-61,-97,-14
1684941813.9847,"40.517567,-111.890644",0,0,66536,427,66536,"[20000, 20000, 20000, 20000, 5000]",[66],-63,-98,-14,1,3,14,427,66536,-61,-97,-14
1684941815.464056,"40.517726,-111.890644",0,0,66536,427,66536,"[20000, 20000, 20000, 20000, 5000]",[66],-63,-98,-14,1,3,14,427,66536,-61,-97,-14
1684941816.963348,"40.518043,-111.890645",0,0,66536,427,66536,"[20000, 20000, 20000, 20000, 5000]",[66],-63,-100,-15,-2,3,14,427,66536,-61,-97,-14
1684941818.386035,"40.518203,-111.890645",0,0,66536,427,66536,"[20000, 20000, 20000, 20000, 5000]",[66],-63,-100,-15,-2,3,14,427,66536,-61,-97,-14
1684941819.884755,"40.518366,-111.890645",0,0,66536,427,66536,"[20000, 20000, 20000, 20000, 5000]",[66],-63,-104,-15,-11,2,14,427,66536,-61,-97,-14
1684941821.268321,"40.518698,-111.890647",0,0,66536,412,66536,[66],-61,-101,-16,-4,1,14,427,66536,-73,-101,-19
1684941822.765615,"40.518861,-111.890649",0,0,66536,412,66536,[66],-63,-103,-17,-3,1,14,427,66536,-73,-101,-19
1684941824.2112699,"40.519187,-111.890649",0,0,66536,427,66536,[20000],[66],-63,-103,-17,-3,1,14,427,66536,-59,-97,-16
1684941825.597239,"40.519353,-111.890647",0,0,66536,427,66536,[20000],[66],-63,-103,-17,-3,1,14,427,66536,-59,-97,-16
1684941827.021912,"40.519677,-111.890646",0,0,66536,427,66536,[20000],[66],-63,-103,-17,-3,1,14,427,66536,-59,-97,-16
1684941828.499142,"40.519839,-111.890645",0,0,66536,427,66536,[20000],[66],-61,-98,-17,-2,2,14,427,66536,-59,-97,-16
1684941829.942762,"40.520150,-111.890639",0,0,66536,427,66536,[20000],[66],-61,-98,-17,-2,2,14,427,66536,-59,-97,-16
1684941831.389477,"40.520308,-111.890637",0,0,66536,427,66536,[20000],[66],-59,-99,-17,-7,2,14,427,66536,-59,-97,-16
1684941832.8898282,"40.520465,-111.890636",0,0,66536,413,66536,[20000],[66],-59,-99,-17,-7,2,14,413,66536,-55,-95,-18
1684941834.338774,"40.520782,-111.890635",0,0,66536,413,66536,[20000],[66],-59,-99,-17,-7,2,14,413,66536,-55,-95,-18
1684941835.777291,"40.520941,-111.890635",0,0,66536,413,66536,[20000],[66],-59,-99,-17,-7,2,14,413,66536,-55,-95,-18
1684941837.257154,"40.521259,-111.890632",0,0,66536,413,66536,[20000],[66],-59,-99,-17,-7,2,14,413,66536,-55,-95,-18
1684941838.741744,"40.521418,-111.890631",0,0,66536,413,66536,[20000],[66],-51,-86,-17,11,2,14,413,66536,-55,-95,-18
1684941840.225516,"40.521731,-111.890629",0,0,66536,413,66536,[20000],[66],-55,-88,-17,11,2,14,413,66536,-55,-95,-18
1684941841.756955,"40.521887,-111.890627",0,0,66536,413,66536,[20000],[66],-55,-88,-17,11,3,14,413,66536,-55,-95,-18
1684941843.1734369,"40.522195,-111.890616",0,0,66536,413,66536,[20000],[66],-51,-85,-16,12,3,14,413,66536,-55,-95,-18
1684941844.630659,"40.522354,-111.890604",0,0,66536,413,66536,[20000],[66],-51,-85,-15,12,4,14,413,66536,-55,-95,-18
1684941846.066883,"40.522670,-111.890571",0,0,66536,413,66536,[20000],[66],-51,-82,-15,14,4,14,413,66536,-55,-95,-18
1684941847.5155442,"40.522828,-111.890551",0,0,66536,413,66536,"[20000, 10000, 5000]",[66],-51,-82,-15,14,4,14,413,66536,-55,-95,-18
1684941849.0359948,"40.523143,-111.890510",0,0,66536,413,66536,"[20000, 10000, 5000]",[66],-51,-79,-14,18,4,14,413,66536,-55,-95,-18
1684941850.44467,"40.523295,-111.890487",0,0,66536,413,66536,"[20000, 10000, 5000]",[66],-51,-85,-14,16,5,14,413,66536,-55,-95,-18
1684941851.875222,"40.523446,-111.890465",0,0,66536,413,66536,"[20000, 10000, 5000]",[66],-51,-79,-14,15,5,14,413,66536,-55,-95,-18
1684941853.3646772,"40.523740,-111.890414",0,0,66536,413,66536,"[20000, 10000, 5000]",[66],-51,-79,-14,15,5,14,413,66536,-55,-95,-18
1684941854.78214,"40.523881,-111.890374",0,0,66536,413,66536,"[20000, 10000, 5000]",[66],-55,-89,-14,16,5,14,413,66536,-55,-95,-18
1684941856.2400398,"40.524149,-111.890248",0,0,66536,413,66536,"[20000, 10000, 5000]",[66],-55,-89,-14,16,5,14,413,66536,-55,-95,-18
1684941857.730309,"40.524275,-111.890162",0,0,66536,413,66536,"[20000, 10000, 5000]",[66],-51,-81,-14,21,5,14,413,66536,-55,-95,-18
1684941859.181839,"40.524499,-111.889936",0,0,66536,413,66536,"[20000, 10000, 5000]",[66],-51,-81,-14,21,5,14,413,66536,-55,-95,-18
1684941860.6378229,"40.524593,-111.889797",0,0,66536,413,66536,"[20000, 10000, 5000]",[66],-51,-81,-14,21,5,14,413,66536,-55,-95,-18
1684941862.039283,"40.524740,-111.889508",0,0,66536,413,66536,"[20000, 10000, 5000]",[66],-51,-83,-13,20,5,14,413,66536,-55,-95,-18
1684941863.452459,"40.524803,-111.889366",0,0,66536,413,66536,"[20000, 10000, 5000]",[66],-51,-83,-13,20,5,14,413,66536,-55,-95,-18
1684941864.87553,"40.524865,-111.889230",0,0,66536,413,66536,"[20000, 10000, 5000]",[66],-51,-83,-13,20,5,14,413,66536,-55,-95,-18
1684941866.324587,"40.524985,-111.889003",0,0,66536,413,66536,"[20000, 10000, 5000]",[66],-55,-90,-13,6,5,14,413,66536,-55,-95,-18
1684941867.7610939,"40.525050,-111.888908",0,0,66536,413,66536,"[20000, 10000, 5000]",[66],-55,-90,-13,6,5,14,413,66536,-55,-95,-18
1684941869.227168,"40.525197,-111.888744",0,0,66536,413,66536,"[20000, 10000, 5000]",[66],-53,-87,-13,5,4,14,413,66536,-55,-95,-18
1684941870.653475,"40.525278,-111.888670",0,0,66536,416,66536,[20000],[66],-51,-78,-13,13,4,14,416,66536,-51,-78,-6
1684941872.02277,"40.525455,-111.888557",0,0,66536,416,66536,[20000],[66],-51,-78,-13,13,4,14,416,66536,-51,-78,-6
1684941873.496964,"40.525554,-111.888521",0,0,66536,416,66536,[20000],[66],-61,-90,-13,11,4,14,416,66536,-51,-78,-6
1684941875.003875,"40.525757,-111.888485",0,0,66536,416,66536,[20000],[66],-59,-87,-12,11,4,14,416,66536,-51,-78,-6
1684941876.457193,"40.525855,-111.888477",0,0,66536,416,66536,[20000],[66],-59,-87,-12,11,4,14,416,66536,-51,-78,-6
1684941877.953171,"40.525952,-111.888471",0,0,66536,416,66536,[20000],[66],-61,-88,-10,13,4,14,416,66536,-51,-78,-6
1684941879.412425,"40.526151,-111.888472",0,0,66536,416,66536,[20000],[66],-57,-86,-10,15,4,14,416,66536,-51,-78,-6
1684941880.868093,"40.526239,-111.888475",0,0,66536,416,66536,[20000],[66],-57,-86,-10,15,4,14,416,66536,-51,-78,-6
1684941882.358408,"40.526403,-111.888479",0,0,66536,416,66536,[20000],[66],-61,-91,-8,9,4,14,416,66536,-51,-78,-6
1684941883.7948642,"40.526487,-111.888478",0,0,66536,416,66536,[20000],[66],-59,-88,-8,12,4,14,416,66536,-51,-78,-6
1684941885.225128,"40.526668,-111.888481",0,0,66536,416,66536,[20000],[66],-59,-88,-8,12,4,14,416,66536,-51,-78,-6
1684941886.789685,"40.526756,-111.888483",0,0,66536,416,66536,[20000],[66],-59,-88,-8,12,4,14,416,66536,-51,-78,-6
1684941888.2692978,"40.526922,-111.888486",0,0,66536,416,66536,[20000],[66],-59,-91,-9,8,4,14,416,66536,-51,-78,-6
1684941889.767174,"40.527012,-111.888485",0,0,66536,416,66536,[20000],[66],-59,-91,-9,8,4,14,416,66536,-51,-78,-6
1684941891.2524889,"40.527180,-111.888486",0,0,66536,416,66536,[20000],[66],-65,-96,-9,5,4,14,416,66536,-51,-78,-6
1684941892.690997,"40.527230,-111.888488",0,0,66536,416,66536,[20000],[66],-65,-96,-9,5,4,14,416,66536,-51,-78,-6
1684941894.1576,"40.527298,-111.888484",0,0,66536,416,66536,[20000],[66],-65,-102,-11,-1,4,14,416,66536,-51,-78,-6
1684941895.622247,"40.527334,-111.888472",0,0,66536,416,66536,[20000],[66],-65,-102,-11,-1,4,14,416,66536,-51,-78,-6
1684941897.0591612,"40.527387,-111.888434",0,0,66536,416,66536,[20000],[66],-67,-97,-11,7,4,14,416,66536,-51,-78,-6
1684941898.5329869,"40.527399,-111.888412",0,0,66536,416,66536,[20000],[66],-67,-97,-11,7,4,14,416,66536,-65,-93,-8
1684941899.989716,"40.527430,-111.888340",0,0,66536,416,66536,[20000],[66],-65,-91,-10,17,4,14,416,66536,-65,-93,-8
1684941901.4228852,"40.527449,-111.888310",0,0,66536,416,66536,[20000],[66],-65,-91,-10,17,4,14,416,66536,-65,-93,-8
1684941902.8444989,"40.527472,-111.888287",0,0,66536,416,66536,[20000],[66],-63,-102,-11,-2,4,14,416,66536,-63,-99,-14
1684941904.261579,"40.527518,-111.888267",0,0,66536,416,66536,[20000],[66],-63,-102,-11,-2,3,14,416,66536,-63,-99,-14
1684941905.69421,"40.527542,-111.888265",0,0,66536,416,66536,[20000],[66],-63,-102,-11,-2,3,14,416,66536,-63,-99,-14
1684941907.140757,"40.527587,-111.888265",0,0,66536,416,66536,[20000],[66],-61,-99,-11,-3,3,14,416,66536,-63,-99,-14
1684941908.5805151,"40.527609,-111.888263",0,0,66536,416,66536,[20000],[66],-67,-100,-12,4,3,14,416,66536,-63,-99,-11
1684941910.023975,"40.527646,-111.888262",0,0,66536,416,66536,[20000],[66],-67,-100,-12,4,3,14,416,66536,-63,-99,-11
1684941911.516459,"40.527660,-111.888272",0,0,66536,416,66536,[20000],[66],-67,-100,-12,4,3,14,416,66536,-63,-99,-11
1684941912.956943,"40.527674,-111.888299",0,0,66536,416,66536,[20000],[66],-67,-97,-12,4,2,14,416,66536,-63,-99,-11
1684941914.336716,"40.527675,-111.888308",0,0,66536,416,66536,[20000],[66],-67,-97,-12,4,2,14,416,66536,-63,-99,-11
1684941915.804178,"40.527675,-111.888318",0,0,66536,416,66536,[20000],[66],-67,-95,-12,10,3,14,416,66536,-63,-99,-11
1684941917.264631,"40.527675,-111.888342",0,0,66536,416,66536,[20000],[66],-67,-95,-12,10,3,14,416,66536,-63,-99,-11
1684941918.74829,"40.527675,-111.888355",0,0,66536,416,66536,[20000],[66],-67,-95,-12,10,3,14,416,66536,-63,-99,-11
1684941920.131168,"40.527674,-111.888361",0,0,66536,416,66536,[20000],[66],-67,-95,-12,10,3,14,416,66536,-69,-101,-11
1684941923.811742,"40.527674,-111.888360",0,0,66536,416,66536,[20000],[66],-67,-95,-12,10,3,14,416,66536,-69,-101,-11
1684941925.30414,"40.527674,-111.888359",0,0,66536,416,66536,[20000],[66],-67,-105,-11,0,3,14,416,66536,-67,-102,-12
1684942022.20188,"40.527672,-111.888366",0,0,66536,416,66536,[20000],[66],-69,-101,-13,1,2,14,416,66536,-69,-102,-13
1684942023.554556,"40.527671,-111.888370",0,0,66536,416,66536,[20000],[66],-69,-101,-13,1,2,14,416,66536,-69,-102,-13
1684942024.868799,"40.527670,-111.888369",0,0,66536,416,66536,[20000],[66],-69,-101,-13,1,2,14,416,66536,-67,-100,-12
1684942026.221555,"40.527665,-111.888367",0,0,66536,416,66536,[20000],[66],-69,-101,-13,1,2,14,416,66536,-67,-100,-12
1684942027.663302,"40.527663,-111.888366",0,0,66536,416,66536,[20000],[66],-69,-101,-13,1,2,14,416,66536,-67,-100,-12
1684942028.989412,"40.527663,-111.888352",0,0,66536,416,66536,[20000],[66],-65,-103,-13,1,3,14,416,66536,-67,-100,-12
1684942030.305214,"40.527660,-111.888333",0,0,66536,416,66536,[20000],[66],-65,-103,-13,1,3,14,416,66536,-61,-95,-10
1684942031.6944451,"40.527656,-111.888323",0,0,66536,416,66536,[20000],[66],-57,-86,-13,11,3,14,416,66536,-61,-95,-10
1684942033.0211651,"40.527631,-111.888300",0,0,66536,416,66536,[20000],[66],-57,-87,-12,3,3,14,416,66536,-61,-95,-10
1684942034.3348439,"40.527621,-111.888288",0,0,66536,416,66536,[20000],[66],-57,-87,-12,3,3,14,416,66536,-55,-94,-13
1684942035.7318249,"40.527606,-111.888272",0,0,66536,416,66536,[20000],[66],-57,-87,-12,3,3,14,416,66536,-55,-94,-13
1684942037.162793,"40.527585,-111.888254",0,0,66536,416,66536,[20000],[66],-57,-87,-12,3,3,14,416,66536,-55,-94,-13
1684942038.485899,"40.527576,-111.888254",0,0,66536,416,66536,[20000],[66],-63,-99,-13,2,2,14,416,66536,-55,-94,-13
1684942039.918478,"40.527566,-111.888249",0,0,66536,416,66536,[20000],[66],-63,-99,-13,2,2,14,416,66536,-61,-94,-12
1684942041.3641548,"40.527554,-111.888232",0,0,66536,416,66536,[20000],[66],-65,-97,-12,1,2,14,416,66536,-61,-94,-12
1684942042.788053,"40.527546,-111.888218",0,0,66536,416,66536,[20000],[66],-63,-95,-13,3,2,14,416,66536,-61,-94,-12
1684942044.1959229,"40.527544,-111.888195",0,0,66536,416,66536,[20000],[66],-65,-97,-13,3,3,14,416,66536,-61,-94,-12
1684942045.6680992,"40.527547,-111.888183",0,0,66536,416,66536,[20000],[66],-71,-107,-14,-3,2,14,416,66536,-69,-106,-16
1684942047.034303,"40.527543,-111.888169",0,0,66536,416,66536,[20000],[66],-71,-102,-13,5,3,14,416,66536,-69,-106,-16
1684942048.530103,"40.527545,-111.888167",0,0,66536,416,66536,[20000],[66],-71,-102,-13,5,3,14,416,66536,-69,-106,-16
1684942049.981326,"40.527550,-111.888174",0,0,66536,416,66536,[20000],[66],-71,-102,-13,5,3,14,416,66536,-67,-104,-15
1684942051.441777,"40.527552,-111.888176",0,0,66536,416,66536,[20000],[66],-71,-102,-13,5,3,14,416,66536,-67,-104,-15
1684942052.853606,"40.527552,-111.888178",0,0,66536,416,66536,[20000],[66],-71,-106,-13,2,3,14,416,66536,-67,-104,-15
1684942054.3438442,"40.527553,-111.888182",0,0,66536,416,66536,[20000],[66],-71,-108,-13,-1,2,14,416,66536,-71,-108,-15
1684942055.748343,"40.527554,-111.888181",0,0,66536,416,66536,[20000],[66],-71,-108,-13,-1,2,14,416,66536,-71,-108,-15
1684942057.145068,"40.527549,-111.888175",0,0,66536,416,66536,[20000],[66],-71,-106,-14,1,2,14,416,66536,-71,-108,-15
1684942058.658239,"40.527550,-111.888166",0,0,66536,416,66536,[20000],[66],-73,-105,-13,2,2,14,416,66536,-71,-108,-15
1684942060.1049469,"40.527553,-111.888158",0,0,66536,416,66536,[20000],[66],-73,-105,-13,2,2,14,416,66536,-71,-105,-12
1684942061.518537,"40.527551,-111.888160",0,0,66536,416,66536,[20000],[66],-73,-106,-14,12,2,14,416,66536,-71,-105,-12
1684942063.04864,"40.527549,-111.888161",0,0,66536,416,66536,[20000],[66],-71,-107,-13,3,3,14,416,66536,-71,-105,-12
1684942064.532386,"40.527548,-111.888161",0,0,66536,416,66536,[20000],[66],-71,-107,-13,3,3,14,416,66536,-69,-102,-13
1684942065.99648,"40.527546,-111.888162",0,0,66536,416,66536,[20000],[66],-67,-103,-13,-3,2,14,416,66536,-69,-102,-13
1684942067.53229,"40.527546,-111.888163",0,0,66536,416,66536,[20000],[66],-65,-102,-13,-2,2,14,416,66536,-69,-102,-13
1684942068.958832,"40.527546,-111.888165",0,0,66536,416,66536,[20000],[66],-65,-102,-13,-2,2,14,416,66536,-69,-102,-13
1684942070.4361432,"40.527547,-111.888166",0,0,66536,416,66536,[20000],[66],-69,-102,-13,1,2,14,416,66536,-67,-101,-13
1684942071.808848,"40.527546,-111.888168",0,0,66536,416,66536,[20000],[66],-75,-109,-13,-3,2,14,416,66536,-67,-101,-13
1684942073.243048,"40.527545,-111.888170",0,0,66536,416,66536,[20000],[66],-75,-109,-13,-3,2,14,416,66536,-67,-101,-13
1684942074.675008,"40.527545,-111.888171",0,0,66536,416,66536,[20000],[66],-75,-109,-13,-3,2,14,416,66536,-77,-107,-12
1684942076.082607,"40.527545,-111.888173",0,0,66536,416,66536,[20000],[66],-75,-109,-13,-3,2,14,416,66536,-77,-107,-12
1684942077.523968,"40.527545,-111.888175",0,0,66536,416,66536,[20000],[66],-77,-111,-13,0,2,14,416,66536,-77,-107,-12
1684942079.047085,"40.527544,-111.888168",0,0,66536,416,66536,[20000],[66],-77,-111,-13,0,2,14,416,66536,-77,-107,-12
1684942080.496599,"40.527544,-111.888167",0,0,66536,416,66536,[20000],[66],-71,-105,-13,-1,2,14,416,66536,-71,-106,-14
1684942081.9720461,"40.527538,-111.888166",0,0,66536,416,66536,[20000],[66],-71,-105,-13,-1,2,14,416,66536,-71,-106,-14
1684942083.428857,"40.527536,-111.888166",0,0,66536,416,66536,[20000],[66],-69,-100,-13,4,2,14,416,66536,-71,-106,-14
1684942084.922765,"40.527534,-111.888167",0,0,66536,416,66536,[20000],[66],-69,-100,-13,4,2,14,416,66536,-67,-101,-12
1684942086.3812668,"40.527535,-111.888159",0,0,66536,416,66536,[20000],[66],-69,-102,-13,0,2,14,416,66536,-67,-101,-12
1684942087.7659578,"40.527529,-111.888150",0,0,66536,416,66536,[20000],[66],-67,-102,-13,-2,2,14,416,66536,-67,-101,-12
1684942089.2161338,"40.527537,-111.888148",0,0,66536,416,66536,[20000],[66],-67,-102,-13,-2,2,14,416,66536,-67,-101,-12
1684942090.7553668,"40.527537,-111.888138",0,0,66536,416,66536,[20000],[66],-67,-102,-13,-2,2,14,416,66536,-69,-103,-14
1684942092.2064729,"40.527532,-111.888126",0,0,66536,416,66536,[20000],[66],-69,-107,-14,3,2,14,416,66536,-69,-103,-14
1684942093.630497,"40.527525,-111.888125",0,0,66536,416,66536,[20000],[66],-69,-107,-14,3,2,14,416,66536,-69,-103,-14
1684942095.1406028,"40.527520,-111.888132",0,0,66536,416,66536,[20000],[66],-71,-107,-15,-1,2,14,416,66536,-69,-103,-14
1684942096.589473,"40.527521,-111.888133",0,0,66536,416,66536,[20000],[66],-71,-107,-15,-1,2,14,416,66536,-69,-103,-14
1684942098.016822,"40.527523,-111.888134",0,0,66536,416,66536,[20000],[66],-71,-107,-15,-1,2,14,416,66536,-69,-103,-14
1684942100.6716428,"40.527523,-111.888133",0,0,66536,416,66536,[20000],[66],-71,-106,-16,1,2,14,416,66536,-69,-105,-16
1684942102.069601,"40.527522,-111.888135",0,0,66536,416,66536,[20000],[66],-71,-106,-16,0,2,14,416,66536,-69,-105,-16
1684942103.56452,"40.527521,-111.888135",0,0,66536,416,66536,[20000],[66],-71,-106,-16,0,2,14,416,66536,-69,-105,-16
1684942105.080509,"40.527521,-111.888136",0,0,66536,416,66536,[20000],[66],-69,-106,-16,-3,2,14,416,66536,-69,-106,-16
1684942106.660368,"40.527521,-111.888138",0,0,66536,416,66536,[20000],[66],-69,-106,-16,-3,2,14,416,66536,-69,-106,-16
1684942108.1613572,"40.527520,-111.888139",0,0,66536,416,66536,[20000],[66],-71,-107,-16,0,2,14,416,66536,-69,-106,-16
1684942110.7850811,"40.527521,-111.888139",0,0,66536,416,66536,[20000],[66],-71,-107,-16,0,2,14,416,66536,-69,-106,-16
1684942112.33937,"40.527529,-111.888133",0,0,66536,416,66536,[20000],[66],-71,-107,-16,0,2,14,416,66536,-69,-106,-16
1684942113.84247,"40.527533,-111.888131",0,0,66536,416,66536,[20000],[66],-71,-107,-16,0,2,14,416,66536,-69,-106,-16
1684942115.3809652,"40.527533,-111.888130",0,0,66536,416,66536,[20000],[66],-71,-107,-16,0,2,14,416,66536,-69,-106,-16
1684942150.550915,"40.527534,-111.888130",0,0,66536,416,66536,[20000],[66],-67,-106,-16,-5,2,14,416,66536,-69,-106,-16
1684942185.851209,"40.527534,-111.888129",0,0,66536,416,66536,[20000],[66],-69,-107,-15,-4,2,14,416,66536,-67,-104,-16
1684942207.549097,"40.527535,-111.888129",0,0,66536,411,66536,[20000],[66],-69,-103,-16,-2,2,14,411,66536,-67,-101,-13
1684942235.892017,"40.527535,-111.888130",0,0,66536,411,66536,[20000],[66],-69,-103,-13,-1,2,14,411,66536,-69,-104,-15
